Datetime,h0,h1,h2,h3,h4,h5,h6,h7,h8,h9,h10,h11,h12,h13,h14,h15,h16,h17,h18,h19,h20,h21,h22,h23
2024-01-01,42.78813,41.80661,37.040085,36.77484,34.948547,37.72821,50.37706,58.428047,68.612526,73.29192,82.29081,82.58448,80.48749,87.98869,77.75006,71.30773,86.46278,91.565254,103.29125,93.60284,93.35386,70.99509,67.634926,51.362946
2024-01-02,62.606743,56.259773,50.10768,47.470055,51.53559,62.96248,78.14288,94.450264,108.90827,116.20462,123.61415,117.87388,114.12233,119.01701,110.87903,114.74098,135.30353,135.24203,140.79562,124.242645,119.58135,96.18878,88.993164,78.90458
2024-01-03,82.08246,78.28985,75.822174,75.05348,75.979065,84.953125,97.34889,109.15744,118.28664,119.578735,121.79567,114.32675,107.86113,108.94757,101.82783,106.08032,119.99897,121.823105,128.0104,116.996315,114.47986,101.40116,95.890625,90.688446
2024-01-04,94.97692,91.709816,89.94328,89.04978,90.08547,98.764145,109.89554,120.671875,128.37067,128.47304,128.7669,121.551094,115.44319,115.873215,110.53011,115.243576,127.23761,128.15372,132.39899,122.80492,120.31935,110.663,106.09234,102.65968
2024-01-05,103.63971,100.6333,99.33999,98.32571,99.486755,108.31208,119.34461,129.21548,136.24852,134.46205,132.81873,125.08067,118.41019,118.014694,113.19774,117.9198,128.47275,129.2128,132.86566,124.01056,121.63196,114.75186,111.05067,109.07045
2024-01-06,98.67647,95.03772,93.178505,91.7963,89.9173,93.886055,102.78449,112.49632,120.14642,122.49274,125.29689,120.109146,115.08861,115.4532,109.699936,111.283775,121.52211,124.61267,131.42012,125.165085,124.19734,113.77832,109.18773,103.352684
2024-01-07,100.60052,97.016,95.24644,94.01806,90.7632,92.09428,98.70273,107.041794,113.63263,117.7348,122.6123,119.47474,115.69914,116.34735,110.92154,110.83113,119.473816,123.472015,131.05997,127.469406,127.590256,116.8444,111.928955,104.683754
2024-01-08,108.52295,105.4862,104.38584,103.30363,104.11996,112.85338,122.85135,133.29947,139.28229,138.34912,136.35745,129.25024,123.52461,123.04642,119.702545,125.36397,135.61223,135.66826,138.15605,130.45126,128.52391,122.582306,118.81363,116.86809
2024-01-09,109.86099,106.32862,105.33667,103.81279,103.06278,111.00399,121.80582,133.34695,139.77463,138.45985,135.60454,127.48774,120.83288,119.42502,115.46599,121.09847,131.84305,133.17798,137.42812,130.21645,129.04306,123.550316,120.04643,117.51175
2024-01-10,113.04053,109.880005,109.467926,108.622765,108.90687,118.01989,127.936874,137.97656,142.64908,140.91386,137.80408,130.72824,124.456604,122.93742,119.37982,124.82178,134.31229,134.85742,138.17352,131.91348,131.28256,126.943245,123.441895,121.59852
2024-01-11,114.63429,111.40694,110.9055,109.91263,110.64815,120.40623,130.7439,140.84364,145.61461,143.24843,139.46338,132.06894,125.60391,124.002106,120.5688,126.23874,135.74579,135.99393,138.93839,132.36777,131.58482,127.76314,124.4962,123.04397
2024-01-12,113.31389,110.32434,109.86488,109.25471,110.51389,120.39772,130.28677,139.47118,143.92686,141.50945,138.27213,131.21646,124.84389,123.4825,119.994965,125.46098,134.47702,134.61363,137.26746,130.75711,129.78952,125.840324,122.36791,121.1356
2024-01-13,110.35832,106.31998,104.9696,103.891014,103.338776,109.769806,118.40777,127.593994,133.6164,134.37634,134.6871,128.99449,123.58911,122.62142,117.996925,120.797165,129.44371,131.46136,136.79343,131.85818,131.54817,124.50549,120.181305,116.14374
2024-01-14,99.91721,96.3033,94.6458,93.762276,91.51234,93.834,101.02515,109.60884,117.30006,120.89891,125.26782,120.59827,115.96008,116.13641,110.300735,111.0847,119.9111,123.47387,130.57515,125.40551,124.25227,113.42624,108.23367,102.51459
2024-01-15,103.7148,100.07931,98.43782,96.832085,95.28133,103.50788,114.51498,126.61,132.38788,131.06013,129.01431,120.784225,114.317154,113.576355,109.12012,114.877975,126.36777,129.76949,136.65137,130.69734,129.2237,121.7121,116.87938,112.46901
2024-01-16,106.73951,105.20234,105.32408,105.07994,105.08956,113.69882,123.662346,133.77808,138.51451,135.51035,131.73068,123.1924,116.36944,115.31405,112.37853,119.719604,129.4638,129.5795,131.51936,123.54329,121.256485,117.68396,114.23558,114.342415
2024-01-17,108.15702,105.72651,105.62378,105.09505,105.65976,115.86849,126.652756,137.4996,142.04642,139.37227,135.25417,127.113785,120.33159,119.01881,115.72843,122.89526,133.48007,133.41287,135.83179,127.99971,126.63815,122.570206,119.09848,118.24884
2024-01-18,110.98552,108.260414,108.05735,107.043144,106.8608,116.09927,126.90524,138.16882,143.24892,140.8637,136.65175,128.46994,121.72961,120.16539,116.80394,123.434006,133.97511,134.31882,137.31853,129.84357,128.65923,124.64116,121.44383,120.219025
2024-01-19,99.669586,97.92988,97.375885,96.86028,97.38016,106.459045,117.952805,128.83292,135.26779,131.80591,128.27756,118.41109,110.65158,110.05887,106.365616,114.39984,125.99497,126.50905,128.7323,118.52556,115.0457,109.86163,106.28258,106.16921
2024-01-20,86.671745,83.41849,80.90433,79.97661,79.40227,84.41136,94.86609,104.96821,114.885605,116.28883,119.60936,112.19734,105.981964,107.0336,100.20576,102.90847,114.26718,117.20609,123.78255,114.21527,110.98014,98.85234,93.582115,88.97903
2024-01-21,67.92282,65.12769,61.381622,60.224953,58.18672,61.646538,72.62174,82.18976,91.1283,94.25192,100.93786,97.49382,93.34817,97.35648,89.28865,88.39575,101.45235,105.88754,115.19818,106.81919,105.99144,89.68064,84.66625,74.25547
2024-01-22,78.901115,75.875946,73.451706,72.64908,72.38046,80.325356,93.07768,104.36185,111.99272,109.78059,110.04797,99.6616,90.29844,91.21402,86.21654,95.69096,112.26056,116.51071,121.25697,109.81716,106.13985,95.62414,90.66844,85.764595
2024-01-23,81.090126,78.898445,77.12433,77.304886,79.59971,91.19348,104.607315,115.76603,123.69313,120.59864,119.3445,109.16015,101.0025,101.71456,95.70524,103.18158,116.226906,116.84325,120.550285,108.05342,104.22318,95.18021,90.14015,88.77471
2024-01-24,73.51,70.254036,67.301895,66.16119,64.99075,73.60597,86.59184,97.83616,102.77764,101.11417,102.22728,95.00883,87.152016,89.35785,84.43819,92.426704,109.69227,114.46268,120.60192,111.663475,111.26453,100.03802,95.28612,86.56539
2024-01-25,84.63521,83.06251,81.4488,81.35566,83.09214,92.01367,104.121,114.07907,122.68002,120.11716,119.781425,110.250854,102.66114,103.72674,97.995476,104.17463,116.203606,116.973625,120.256,107.86224,103.05066,93.92544,89.3844,88.43843
2024-01-26,69.65747,67.90874,65.736626,66.051155,64.83805,70.77406,83.205376,92.53862,98.20931,94.36739,93.84729,82.70567,71.61259,73.019295,69.66139,81.93362,101.918755,109.25372,113.27057,102.16671,97.76096,87.29834,83.704475,76.02388
2024-01-27,72.08831,70.859856,68.214035,68.363914,65.8704,68.696144,79.07917,88.24455,96.27996,96.10051,98.75657,91.25237,84.833496,87.32412,81.98425,86.07724,98.981804,104.01373,110.483185,101.876,98.82549,87.18187,83.09619,75.82582
2024-01-28,59.59275,58.25676,54.518524,54.04107,50.75522,53.287575,64.48515,73.944916,81.851776,84.50461,90.48159,88.0593,85.06264,90.12066,82.39864,80.21603,92.86127,97.51991,107.3871,100.10324,100.29725,84.32751,80.37791,68.20621
2024-01-29,84.75712,82.33238,80.6429,80.658005,81.168076,90.31282,102.19265,113.37843,121.06558,119.44241,119.14897,109.68918,102.237175,102.630325,97.03053,103.751976,115.732925,117.242424,121.823364,111.402534,108.357735,99.479614,94.2197,91.99267
2024-01-30,86.55573,83.29894,80.81502,79.57057,78.61259,85.70144,97.8121,109.614624,117.93947,116.80839,116.99472,107.71119,100.05498,100.66073,95.39568,102.02922,115.63579,118.83438,124.36783,114.55267,111.87016,102.219795,97.47781,92.983864
2024-01-31,87.687706,84.821075,82.81803,82.269165,83.04768,92.44429,104.95708,116.49297,124.870224,123.02364,122.25114,112.64777,105.10935,105.39812,99.65736,105.97367,118.22945,119.640686,124.30797,113.54521,110.42899,101.55416,96.693,94.324295
2024-02-01,80.76815,78.579185,76.34886,75.4292,75.617516,84.14927,97.022835,107.06646,112.53128,107.38067,105.6736,94.58869,83.97752,85.22733,82.34299,95.013535,113.08799,117.742165,120.05702,108.39153,104.145645,96.16386,92.21742,87.8107
2024-02-02,76.1272,74.13637,72.42726,72.96703,73.82764,81.05449,93.92537,104.609215,114.97806,112.74057,112.49445,99.91227,89.70342,89.92495,83.88202,92.84872,108.868515,112.67087,116.901794,102.77381,96.0511,84.676254,80.08695,77.52661
2024-02-03,45.96708,45.52221,42.328033,43.59703,40.916,45.267616,59.028076,70.22017,79.8002,81.3718,84.927605,79.11237,74.28429,78.607765,69.79207,69.4457,84.65575,89.58097,99.87555,89.44143,87.94023,70.85514,67.384705,55.563828
2024-02-04,39.807632,39.01567,34.843826,35.48314,32.67363,36.858765,51.07747,62.175392,72.0184,74.96958,80.711426,77.58745,74.49543,80.380775,70.265755,66.51513,81.50561,86.33216,98.37433,88.541275,88.57839,69.03403,65.48546,51.050575
2024-02-05,65.07556,61.459778,57.758934,57.38521,57.868988,67.52378,81.9237,95.3173,105.78778,106.52692,109.04991,100.14848,93.311,95.45972,87.43878,92.16532,107.31209,109.910515,117.56276,105.366714,102.778435,88.02513,81.988655,75.31256
2024-02-06,69.37827,65.17622,61.504128,60.509872,60.67141,71.262405,85.41714,98.7746,106.71552,107.875206,110.35382,103.89276,98.03218,100.455284,93.09542,97.38949,113.065674,115.59519,123.43138,113.34515,113.23494,98.93746,93.18821,84.46872
2024-02-07,93.27304,90.369774,88.310524,87.01168,86.573555,94.72265,106.46593,117.34019,123.61947,121.320244,120.07115,111.907,104.74323,105.30693,101.10863,107.74329,120.47151,122.83603,127.17489,118.60472,116.90065,109.4619,105.50877,101.36529
2024-02-08,95.081154,93.322655,92.3755,92.22282,93.948166,102.9035,113.861244,122.971115,129.91684,127.53337,126.44125,118.22584,111.23114,111.581764,106.63306,112.217896,123.07117,123.46463,126.244125,115.79894,112.12683,104.67677,100.65052,99.770905
2024-02-09,85.10249,82.02374,79.98428,79.7515,80.39215,89.94288,102.197395,113.695145,121.67236,120.43455,120.38815,111.14411,103.727684,104.03252,98.02626,104.25026,116.50057,118.22461,123.465836,113.27345,110.715,101.24901,95.87441,92.855934
2024-02-10,75.07807,73.77247,71.37755,71.59217,69.55141,73.97845,84.02726,92.698975,98.61037,98.3197,100.726616,95.00753,89.50592,92.13703,87.101036,90.57484,102.56402,106.73268,112.99562,105.949005,104.687584,94.032845,89.92381,82.28781
2024-02-11,75.57792,74.51454,71.81028,71.39387,68.57469,70.33847,79.41868,87.44759,94.64015,96.1731,100.80098,97.108665,93.31897,96.91972,91.0638,91.002556,101.53495,105.52666,112.740814,106.05814,104.773544,92.42783,88.51957,80.12016
2024-02-12,73.3363,73.331856,72.142654,73.34169,72.31289,76.42958,87.13114,94.33363,99.591934,94.65394,93.43383,81.74916,70.520515,71.837685,69.707115,82.52618,100.82019,107.75552,109.63807,98.331154,92.02855,83.5445,80.67206,75.414246
2024-02-13,85.78762,82.63416,80.77296,80.71149,80.64085,89.48732,100.96604,112.40057,119.80026,119.288734,119.73268,110.968475,103.8748,103.99881,98.15695,104.22535,116.03106,118.11891,123.77414,114.703926,112.76544,103.3585,97.7087,94.22651
2024-02-14,84.740265,82.16191,80.089806,79.744095,79.96452,87.54336,99.032364,109.79361,118.577255,117.77402,118.718765,109.70657,102.59025,103.34218,97.32466,102.72754,114.47676,116.444824,121.55183,111.05886,107.56896,97.56241,92.34549,89.55211
2024-02-15,79.511505,77.04825,74.69011,74.339,73.50523,79.884895,91.29139,101.42717,108.7293,107.29067,108.37445,99.37033,91.31654,92.57828,87.628296,94.95067,109.3024,113.49992,118.64534,108.889084,105.75185,95.46196,90.692444,85.35198
2024-02-16,72.890915,72.376236,70.387115,71.41559,70.37432,76.29245,87.078896,94.707054,98.709206,94.46314,93.81612,84.84736,76.1196,78.21895,75.50834,85.08587,100.27631,105.813034,109.18109,100.726845,97.64763,89.678635,86.30835,79.72467
2024-02-17,59.89701,60.20838,57.991524,59.389236,57.6631,60.640152,72.2311,81.16629,90.75506,91.21891,94.04654,87.26531,81.82562,85.2493,77.90859,78.717285,91.71401,95.79775,103.201256,92.45516,88.59245,74.31059,71.170044,63.30282
2024-02-18,60.59494,60.83368,58.660072,60.11303,56.266068,56.623016,65.84522,72.934395,78.76396,78.991844,82.775085,76.8705,70.59489,74.17698,69.402664,73.37132,88.05369,95.32279,102.259895,94.959755,92.42798,79.3988,76.12623,65.44776
2024-02-19,68.407425,66.86542,64.87041,65.87149,64.07664,69.41957,80.70724,89.24388,93.61295,90.34743,90.43913,80.22985,69.714195,71.144135,68.08836,79.91355,98.880516,106.696205,111.13411,101.90828,98.51076,88.33525,84.47089,75.91523
2024-02-20,72.43002,70.4325,68.49974,69.162094,68.0574,74.18207,86.06267,96.31398,103.73249,102.35836,102.97935,93.00438,84.06382,85.030136,79.780495,87.937386,104.06628,109.33385,114.95182,104.47855,100.81039,89.48292,85.03744,78.693596
2024-02-21,76.184944,72.79642,69.958046,69.39261,69.31456,77.65321,90.81279,103.15559,112.975296,113.102234,114.72651,105.776825,98.654976,99.78063,92.389496,96.97494,110.551,113.21721,120.33555,109.2521,106.6009,94.10836,88.62124,83.471466
2024-02-22,75.75027,71.788155,68.76078,68.213745,67.92684,78.09737,91.5847,104.7172,112.731995,112.27874,113.20204,104.26383,96.98393,97.88311,91.11824,97.27934,111.0862,113.849724,121.11717,111.435196,110.46703,99.16833,93.101425,87.35137
2024-02-23,79.061066,77.04756,74.375465,73.80513,73.57612,83.011055,95.21474,104.74999,108.064026,103.798645,102.8266,95.3731,87.78069,90.08046,86.890755,95.609535,110.154236,113.65927,117.44361,109.50485,108.81725,101.4661,97.445755,91.04325
2024-02-24,75.76699,76.29135,74.73842,75.894745,73.614006,76.51963,84.75381,90.54263,93.47426,90.722595,91.95421,85.838005,79.28301,82.224754,79.90147,86.5581,98.921295,104.18002,107.635925,101.471596,99.16345,91.39795,88.23585,81.28677
2024-02-25,73.566086,73.537384,70.9159,71.20908,68.91561,71.691864,79.923134,86.380035,91.11414,91.10205,95.397095,92.589005,89.38026,93.76833,89.08567,89.66141,98.46997,101.75879,107.62396,102.31033,101.757195,91.51612,87.49261,79.76568
2024-02-26,76.54833,74.21414,71.42695,70.73786,69.967705,77.72181,89.568726,99.210144,103.92961,101.1162,101.812614,94.17133,86.3429,88.649086,84.69402,92.9459,108.2775,112.67988,117.33679,108.71103,107.226326,97.83371,93.36428,86.389786
2024-02-27,83.01351,80.92901,78.40297,77.48608,77.005196,84.88977,96.60998,106.34494,111.38622,107.63882,107.05715,98.54047,90.55328,92.379425,89.06184,97.895546,112.13562,115.6622,119.169464,110.20212,107.96656,100.38704,96.22261,91.27513
2024-02-28,83.706474,82.20856,80.84237,80.99327,81.841866,90.35443,102.061714,112.504326,120.49135,118.2051,117.80466,108.0171,100.34814,101.13517,95.775185,102.81202,114.906075,116.07648,119.58206,107.89753,103.511444,94.76821,89.90971,88.81242
2024-02-29,78.8898,75.78828,72.70962,72.07712,71.62366,81.63307,93.89742,104.8872,109.5549,107.5483,107.99493,101.29713,95.03382,96.98653,92.12306,98.22376,110.77753,113.482155,119.3954,112.331314,112.93883,104.1691,98.93992,92.295074
2024-03-01,87.49952,84.9136,82.58697,81.84166,81.5479,89.47525,100.78182,110.70357,116.410324,113.38469,112.81209,103.93195,95.96898,96.94809,93.27084,101.616844,114.82066,118.09165,121.904236,113.26758,110.94097,103.49986,98.988754,94.79735
2024-03-02,80.33317,79.628845,77.331085,77.783226,75.89244,80.168526,88.791954,96.19334,100.875916,99.84212,102.00911,97.026306,92.48432,95.281456,91.28282,94.30242,103.218155,106.42037,111.58207,106.26683,105.42338,97.20334,93.01341,86.86209
2024-03-03,74.672424,75.24268,73.64627,74.55271,71.14994,72.138504,79.07943,84.21107,86.53636,85.604904,89.03807,85.25513,80.08772,83.79211,81.17987,85.76997,97.50973,103.202415,107.68025,103.00604,101.79958,92.694595,89.2898,80.68525
2024-03-04,83.81751,83.40254,81.885376,81.90023,81.92404,88.39763,98.67754,105.16609,107.973175,102.14518,100.65667,91.841644,82.45722,84.50042,83.19803,94.62411,110.2946,114.98454,115.764275,106.522835,102.56607,96.5702,93.6744,89.16066
2024-03-05,82.92093,80.48744,77.94986,77.26117,77.17313,85.67946,97.215096,106.28967,110.320885,106.4302,106.00199,97.76213,89.35847,91.067406,87.96733,97.473885,112.37938,116.48064,119.92253,111.53814,109.7637,102.13945,97.82965,92.09915
2024-03-06,84.04339,83.41381,81.757835,81.65816,81.25834,86.737595,96.941765,104.060425,108.4413,103.47304,102.51685,93.11213,83.83376,85.61439,83.73363,94.43823,109.55649,114.2913,115.71791,106.07874,101.52769,94.83829,91.661415,87.56296
2024-03-07,83.20228,82.054756,80.09993,79.70272,79.367226,85.134056,95.874954,103.801834,109.23588,105.09693,104.695114,95.45353,86.52107,88.309906,85.52118,95.123116,110.16669,114.61854,116.94672,106.92007,102.57472,94.78281,91.310005,86.942276
2024-03-08,74.510414,74.76392,73.54793,75.2828,74.92017,80.12096,90.70198,97.59341,102.63556,97.18896,95.311066,83.7258,73.14876,74.36907,72.22288,84.17533,100.26738,106.154236,107.817635,97.239456,91.32699,84.09184,81.14632,76.8764
2024-03-09,61.514526,61.662636,59.43519,61.117096,58.358177,60.91346,71.15281,78.10538,82.74392,80.04317,81.31831,73.04191,64.58803,67.566246,64.269035,72.401405,88.91015,96.70082,101.81217,93.766335,90.50326,79.75508,76.77377,67.00657
2024-03-10,59.566902,57.87211,54.164604,54.356865,51.02198,54.25344,64.95635,74.37586,81.455185,84.34701,90.278145,87.75706,84.792366,89.30693,81.698044,79.8419,91.53308,96.40685,106.71199,100.89396,101.99905,86.65415,82.07911,69.71011
2024-03-11,87.58934,84.49879,82.61263,82.299355,81.30676,88.655426,99.48327,110.88932,118.389915,118.379745,119.20302,110.760864,104.04221,104.20386,98.64996,104.26043,115.60738,118.08462,123.98774,115.65143,113.8331,104.55931,99.03066,95.22275
2024-03-12,88.55097,86.478035,84.79483,84.47513,85.09298,92.71726,103.910965,114.02196,122.381516,120.82927,120.981995,112.01059,104.90837,105.59059,100.12149,105.69683,116.944275,118.34584,122.40023,111.75783,107.83932,98.9681,94.26613,92.493706
2024-03-13,69.8506,67.9575,65.45666,66.34929,65.87432,73.783295,85.9477,95.526184,101.22921,98.87464,99.17259,90.5744,82.55434,84.32762,79.37212,86.71706,101.63205,106.356476,111.994835,103.10216,101.14925,90.82523,86.4542,79.13319
2024-03-14,76.3916,75.224,73.536674,74.63738,74.57356,81.98747,92.71236,101.122604,106.23052,103.47636,103.62988,95.02313,87.08633,88.56444,84.40762,92.31731,105.65805,109.421265,113.36938,104.43482,101.53769,92.82639,88.37202,83.544846
2024-03-15,63.920998,63.528854,61.69565,64.177086,62.902542,69.15323,79.81528,87.31606,90.82065,87.701225,87.77711,79.21,70.765945,72.77747,69.17226,77.89224,93.02449,99.286156,104.197945,96.73271,94.62406,85.2322,81.3798,73.060394
2024-03-16,69.85714,71.58166,70.30024,72.11986,69.69863,70.224754,77.91466,82.19771,85.97252,82.88031,84.71481,77.69518,70.22932,73.64985,71.516594,78.80956,92.41302,98.8866,101.63545,93.944885,89.37716,80.55798,77.9885,71.046776
2024-03-17,58.245003,58.806374,56.647614,58.56005,54.857834,56.287727,65.40466,71.97555,76.17154,76.65496,80.52883,76.79466,72.02778,76.23454,71.22091,73.15679,86.53523,93.100494,100.6587,95.06929,94.517426,81.650215,78.59043,66.59551
2024-03-18,68.58721,68.9028,67.77661,70.31363,69.453445,74.06154,83.83468,90.254555,94.83528,91.27379,91.24868,81.34871,71.89682,73.48422,70.36492,80.23633,95.56125,101.799385,105.02807,95.76985,91.05325,82.04271,78.52134,72.550125
2024-03-19,63.323624,62.639465,60.751343,62.532616,61.286568,67.44085,78.534424,86.21611,89.77021,86.83359,87.50163,79.23243,70.35194,72.70226,68.96094,78.24399,95.34782,101.976,106.800804,98.29939,95.94055,85.4026,81.6076,72.6691
2024-03-20,87.66677,85.698364,83.63771,83.70076,83.57238,90.098946,99.981255,107.70373,112.76666,110.20265,110.45734,102.87656,95.53527,96.77398,93.18821,99.88595,111.88963,115.630554,119.39711,111.98994,109.652435,102.02033,97.971176,93.011986
2024-03-21,83.333496,82.40038,81.39252,82.45033,81.99988,86.63153,96.288025,102.86785,107.75569,104.28562,103.65135,93.89704,84.01367,84.66454,81.98287,92.10188,107.97129,113.977234,116.50773,107.17836,102.337036,94.12173,91.04787,85.75967
2024-03-22,64.11605,63.39308,61.604073,64.42612,64.01742,70.18694,81.285324,88.361694,93.06606,88.91508,88.241646,76.92911,66.08238,67.17495,63.83082,75.30841,92.59858,100.176895,104.20487,94.85477,90.46654,80.87082,77.108315,69.56323
2024-03-23,53.520256,54.242104,52.25141,53.69995,50.47455,50.843178,60.837845,64.57033,65.7161,61.792618,63.991814,57.174843,46.363297,50.770462,49.245567,60.834114,84.895065,96.9529,100.89102,92.34572,88.676926,75.715706,74.527016,59.48889
2024-03-24,63.545097,63.56288,61.646362,62.4794,56.382988,54.40589,61.402756,66.999306,70.02483,70.62226,75.42058,70.128075,62.069374,65.729225,63.811516,72.240456,90.46327,101.06329,107.17142,101.931175,99.9769,87.01747,83.50726,70.17212
2024-03-25,95.81565,92.12252,88.870804,86.58346,87.45399,94.96165,105.718506,115.253494,121.93388,121.463776,122.91051,116.33978,110.188774,112.26036,107.825195,113.191315,128.55309,133.73001,140.05939,131.98941,127.17972,114.016624,108.96833,101.35981
2024-03-26,79.95793,79.61485,78.31378,79.02387,78.854546,84.51449,94.27509,99.79616,102.15749,97.55055,97.128426,89.546005,80.492966,82.677345,80.766655,90.79463,107.02661,112.66722,114.47749,105.99948,102.60111,94.94705,92.258606,85.69757
2024-03-27,74.6667,73.81399,71.87245,73.24815,72.553154,79.19086,89.00907,95.436386,97.61923,94.344986,94.69793,88.26976,80.87859,83.20574,80.26011,87.806854,101.54832,106.81046,110.85579,104.748955,103.72633,95.63733,92.03922,84.02133
2024-03-28,72.98574,72.89386,70.93203,72.522285,71.83529,78.188774,87.87315,94.39682,97.38063,94.09689,94.559525,88.21096,81.75974,84.527435,81.2607,87.476425,99.21918,103.32592,107.26906,100.86468,99.45243,91.703224,88.03198,81.3244
2024-03-29,66.065796,67.5524,66.677086,69.23357,66.371605,65.935394,73.02428,75.323044,76.23613,72.1859,73.813675,66.07289,55.787506,58.75721,58.31765,70.06312,88.8357,99.222084,101.31889,94.34727,89.60763,80.30913,78.33724,68.01163
2024-03-30,71.399956,72.91262,72.35941,74.15014,70.34633,66.21575,71.62524,72.14243,72.89267,69.24354,72.21885,64.581696,53.120422,56.116386,56.840927,70.07808,91.15857,103.69802,104.79267,97.54708,91.20854,81.21887,79.80903,68.72871
2024-03-31,77.05315,77.422676,75.97282,76.899376,74.374,73.61655,81.468956,85.1588,89.248886,86.580345,88.31459,81.27183,72.428566,75.07276,73.17443,80.96227,97.72089,106.41571,109.5518,101.93804,97.127815,87.16192,85.64321,76.22561
2024-04-01,61.66944,62.476044,61.461777,64.44625,61.944443,64.43803,72.77695,76.844086,77.537025,74.883385,76.54647,70.29901,61.620155,64.53338,62.331955,71.426216,88.986755,97.91969,102.16294,96.15599,94.008415,83.61926,80.99869,69.51722
2024-04-02,68.47871,68.38904,66.76293,68.98606,68.17459,74.23403,84.91366,92.51348,97.1801,93.48569,92.86913,83.30269,74.64449,76.35556,72.87943,81.78641,96.09644,101.454704,105.37461,96.70471,93.22654,84.69951,81.04949,74.900505
2024-04-03,65.42101,65.17581,63.36714,66.257645,65.66097,73.03531,83.97774,91.68132,95.72858,92.7802,92.23826,84.1674,76.86633,78.72926,74.38729,80.86182,93.64,98.43194,103.75883,96.70909,95.15217,86.26385,82.553764,74.99923
2024-04-04,65.499245,65.96202,64.252235,66.603905,65.8149,72.186554,83.7265,92.01479,97.419785,92.78922,91.1045,80.40968,71.51756,73.35419,69.915955,79.281006,93.603584,98.55937,102.17202,92.4776,88.30909,80.281845,76.95512,71.59921
2024-04-05,60.453247,60.566154,58.445747,61.046143,60.241753,64.870766,76.35146,82.886086,88.125626,82.71169,81.58143,69.49579,58.037796,59.88035,57.21472,69.446945,87.95834,96.407715,99.72732,89.346344,83.650856,74.131294,71.33905,63.407623
2024-04-06,53.18976,53.870415,52.680412,54.655663,55.009018,57.513214,70.42525,72.16119,70.47768,61.903893,59.839798,49.837837,38.67099,41.65576,38.21161,45.2977,67.73059,79.70311,86.67885,83.66804,82.879166,71.59098,71.3602,54.97471
2024-04-07,51.87024,53.551086,52.08204,53.40146,47.574112,45.520004,54.725647,58.71643,61.869736,59.938293,61.971123,54.768112,42.746643,47.15119,46.8013,59.738106,86.39592,100.33781,104.86239,95.73487,91.047226,75.75523,75.17615,58.311775
2024-04-08,54.71505,55.192406,53.904953,57.880722,56.591972,63.83731,74.98229,82.52351,85.2387,82.01534,81.51716,72.4202,63.77565,65.75674,61.28305,69.98235,86.1937,93.820724,100.65528,93.41291,90.673584,79.43976,75.21415,65.54843
2024-04-09,72.943794,72.46836,70.85371,73.60131,73.27145,79.7438,90.21519,97.86756,103.52609,100.47766,99.37896,89.72865,81.75134,82.613075,78.440956,85.32719,97.21547,101.86433,106.5174,98.77703,95.61772,87.56073,83.904366,78.35211
2024-04-10,59.661346,60.283478,58.494675,61.395836,61.592117,70.55433,82.77784,90.74473,94.5377,90.44371,89.2154,81.407104,74.364685,77.1842,72.59121,79.00875,92.378845,95.993515,100.68413,92.08271,90.36969,81.37739,78.08283,70.983604
2024-04-11,51.429,51.81591,49.58143,53.16017,53.404602,63.15039,76.92031,85.58235,90.07106,84.485176,82.02012,70.646385,61.02791,63.278755,58.24875,67.68846,84.8173,92.16083,99.08657,89.56161,85.17304,73.83266,69.84844,61.0429
2024-04-12,48.024277,48.704178,46.610023,50.12381,51.078644,58.960472,72.644516,78.277374,81.71033,74.54556,72.417625,60.44612,47.835243,50.59871,46.947044,59.928314,82.88673,93.36453,98.218475,86.675674,80.17819,67.507866,65.08125,53.927567
2024-04-13,53.830345,54.447052,53.732315,55.964172,58.228798,62.658813,76.912895,77.250374,72.62319,60.48237,55.605568,43.517746,30.840485,33.04785,30.071777,38.28897,61.80465,74.46668,81.41514,80.72695,81.0757,71.76276,72.04483,55.05815
2024-04-14,51.862206,53.954216,52.964745,55.12166,51.18535,50.10061,59.174545,61.289,62.437973,57.931236,59.09842,50.64479,37.187225,41.317657,41.751526,57.37214,84.9111,99.057274,101.29613,91.313255,85.313324,71.87463,71.507484,56.194405
2024-04-15,51.302795,50.680138,47.36914,49.191,49.355576,60.603355,76.22307,85.15424,88.31697,80.068504,76.96993,62.738823,50.069077,52.777473,46.907608,59.922485,85.160194,101.17963,114.71801,105.6825,95.69326,77.34609,71.154144,57.26805
2024-04-16,51.632637,52.188087,49.39425,52.117027,52.09954,63.04212,77.54561,86.48245,89.699486,82.52271,79.44646,67.57644,57.875366,60.91826,55.41755,65.108925,84.19535,95.008484,105.76979,97.58121,90.89763,76.69433,71.45097,60.548584
2024-04-17,68.650764,69.622185,68.36975,71.20442,70.59115,76.33026,86.257256,91.762375,94.10454,88.61873,86.92505,77.75098,68.66289,70.75272,68.896324,79.138954,93.84968,99.894455,102.24848,94.52515,91.0152,84.266266,81.641945,75.00991
2024-04-18,87.57583,87.252304,86.2103,87.20238,88.32013,93.835976,102.843185,106.23716,108.16535,101.96486,100.45263,91.78046,81.282936,82.74322,82.01439,93.72678,110.18108,116.46477,116.40192,107.79168,102.90623,96.88428,94.880714,89.388245
2024-04-19,62.98564,62.14109,59.428986,61.85605,61.72264,70.61364,83.42877,91.999916,96.596214,91.03234,88.77581,76.996475,67.03313,68.58151,64.33399,74.47393,90.97043,99.244156,106.31388,98.22111,93.58233,83.16614,78.640625,70.18141
2024-04-20,73.5405,74.69958,73.52628,75.33693,72.76258,71.98106,78.29402,79.52587,79.385345,74.35494,75.87918,68.44682,58.39707,61.40911,61.904015,73.58219,90.955345,101.24503,102.683876,97.467636,93.26218,85.73421,83.73098,73.88514
2024-04-21,78.59661,78.9339,77.573105,78.44918,75.15027,73.312546,79.8422,82.866295,85.52173,82.07096,84.13979,76.00713,65.86705,68.267914,68.070946,79.407585,96.96976,107.01158,108.92284,102.02682,96.69786,88.11644,85.87174,77.01908
2024-04-22,86.3762,84.32333,82.05402,82.21723,82.293335,90.50939,100.97475,109.284515,113.4451,110.19586,109.66116,102.19318,95.15017,96.48529,93.07693,100.07588,111.54632,114.69227,118.50458,111.75302,110.50496,103.834335,99.58857,94.61182
2024-04-23,80.58675,80.17395,78.70214,80.25188,79.986855,86.094864,96.355156,103.622734,108.50039,103.92631,102.034454,91.92487,83.02646,83.96444,81.34891,90.662254,103.81,108.45554,111.064316,102.5567,98.49248,92.09362,88.90961,84.63143
2024-04-24,72.27238,72.899864,71.731255,73.87187,73.19317,79.32174,90.263,97.81679,102.2017,96.814156,94.22113,83.467445,74.07592,75.486946,73.11132,83.68325,98.37471,103.387314,105.72602,96.24554,91.76836,85.158676,82.37863,77.70832
2024-04-25,79.213715,78.63963,76.65551,77.35769,77.19105,84.7986,95.94769,103.815605,107.52741,102.17472,100.11084,91.068344,82.703384,84.55582,82.22841,91.730286,105.38377,109.392166,111.83957,103.520584,100.740456,94.73705,91.54982,86.63638
2024-04-26,78.2763,78.942154,77.81407,79.63978,79.90137,86.72212,97.19469,103.55887,106.98499,100.80331,97.92858,88.07293,79.00206,80.59413,78.80399,89.11921,102.86524,107.11137,108.319855,99.30791,95.013084,89.6485,87.16158,83.23681
2024-04-27,86.292465,85.48908,83.97359,85.186874,84.00181,87.363686,95.571945,101.49261,106.318565,103.576164,103.751816,95.37126,87.41994,88.389206,85.84405,93.219025,105.027916,110.50128,113.76261,107.18027,103.55018,96.512665,93.175064,87.888054
2024-04-28,78.34572,77.63704,75.85522,77.1435,74.53771,75.97545,84.1161,89.97339,94.73138,93.706924,95.5383,88.909424,81.8,83.635704,80.32273,85.66664,98.77567,105.7138,110.930855,105.20445,102.65516,93.03156,90.06391,81.28887
2024-04-29,67.83231,67.888176,66.103004,68.85423,68.83146,74.81698,84.86552,89.987595,92.77298,87.18643,86.20011,76.0892,65.77733,67.6083,65.66862,77.2474,93.21732,100.41097,102.85104,94.741776,90.65108,83.10621,79.90489,72.78282
2024-04-30,68.48348,68.75832,67.31414,69.832535,69.005394,73.177605,81.944214,85.37915,85.9732,80.21304,80.06614,70.88845,59.779266,62.00534,61.468437,74.958885,93.310104,102.40235,103.99861,96.704315,92.66877,85.01303,82.20165,73.35829
2024-05-01,66.41448,67.42053,66.16351,69.32078,69.17432,75.39947,85.65562,91.41191,94.53397,88.88362,87.140526,76.96163,67.401024,69.30212,67.08693,77.84276,92.56988,98.425476,100.677185,92.00315,87.719025,80.705414,77.71951,71.95166
2024-05-02,66.28849,66.06241,64.219536,66.93444,66.45883,72.33595,83.52774,90.91051,96.42593,91.64916,90.11995,78.22663,67.77716,68.88037,65.75207,76.74496,92.51729,99.23881,102.797646,93.19681,88.25662,79.84717,76.413025,70.28011
2024-05-03,65.190735,65.02529,63.381798,66.6548,66.427185,74.21819,85.75426,94.112045,99.311966,95.472,93.69555,83.19917,74.59115,75.656395,71.43155,79.76168,93.00454,97.85028,102.57014,94.09076,91.025764,82.76076,78.962906,73.02432
2024-05-04,72.42715,73.05007,72.00258,73.51607,72.37769,73.23474,81.71537,83.07977,82.75796,75.98666,75.676,66.54071,54.62861,57.09964,57.221024,70.213,91.07727,102.19368,103.69597,97.281624,92.71097,84.54457,83.37855,72.496376
2024-05-05,80.74317,81.06609,79.673416,80.02795,77.39211,75.43758,82.128876,83.80717,85.70161,81.72348,83.822624,76.85419,66.46651,69.39289,69.49718,80.5847,99.82573,110.37046,111.66336,104.44501,99.054115,89.973045,88.73952,78.585045
2024-05-06,79.53362,78.45706,76.66728,77.23527,75.28342,77.000206,85.74982,90.79123,94.501076,91.39786,92.45681,84.20004,74.25863,76.00637,74.190834,84.2394,101.99107,110.76697,114.01797,106.4591,102.35819,92.95577,90.46051,81.31754
2024-05-07,78.47848,77.433945,75.56261,77.019844,76.77435,82.092735,92.05325,97.67867,101.113976,95.68526,94.35693,83.78071,72.8205,73.850426,72.37988,84.69696,101.47241,109.0345,111.1415,102.92412,98.487335,91.43064,88.45119,81.68517
2024-05-08,82.714905,81.873146,80.16232,81.10431,80.84035,84.15304,92.64801,95.438576,96.78567,90.313934,89.65839,79.83454,67.61154,69.13304,69.519714,84.0479,103.27872,112.87261,113.18268,105.42598,100.22185,93.560524,91.38566,83.3461
2024-05-09,77.861885,77.62206,76.08447,77.18596,76.02563,78.04112,86.12067,88.59478,89.35625,83.27053,83.38447,74.15949,62.06263,64.183304,64.76406,79.44879,99.607544,109.937,110.41524,102.73532,97.570244,90.12722,88.08017,78.993454
2024-05-10,80.73025,80.07828,78.43574,79.6652,78.99675,81.56601,89.57041,92.15503,93.58213,87.948524,88.08501,78.90062,67.24115,68.946465,68.99024,82.497795,101.16613,110.86571,111.74433,104.44406,99.48387,92.1692,89.85308,81.340904
2024-05-11,84.49694,83.39072,82.05159,80.57366,81.23396,80.417305,90.71862,88.90557,84.01657,72.00469,69.13472,57.978966,44.366882,46.23571,46.974365,58.262383,81.76964,96.10092,99.69927,100.28138,98.92506,92.54852,92.92432,77.67661
2024-05-12,65.037575,65.67753,64.213036,65.37848,62.71028,61.068573,69.42963,69.67742,67.93113,61.498062,62.442444,54.63658,42.099228,45.64673,46.39402,59.97956,84.818,99.10141,101.48895,95.91772,92.02437,81.74255,81.537834,65.951866
2024-05-13,64.53702,64.50097,62.92504,65.57226,64.44024,69.21209,79.31176,84.87168,87.380875,82.23539,81.57157,71.00843,59.76544,61.48919,59.81214,72.960434,91.54105,100.30276,103.12033,94.66997,90.38878,81.77464,78.65625,70.104
2024-05-14,60.20614,60.333572,58.97751,62.621155,61.984573,68.53649,79.91844,87.405495,92.02315,88.266136,86.96984,76.350136,66.65923,67.89412,63.92325,73.52145,89.55038,96.200485,100.9139,91.92044,88.253044,78.6228,75.27515,67.57492
2024-05-15,72.32717,71.8216,69.90474,72.00974,71.22049,76.34141,86.35674,92.5826,96.58406,92.167076,91.40212,81.50708,71.89126,73.33892,70.907524,81.02476,96.11913,103.02234,106.39323,98.66491,94.91974,87.09632,83.86319,76.76715
2024-05-16,74.79217,74.55058,73.039444,75.618515,75.59921,82.47764,92.57512,99.49389,103.93122,100.260086,99.10918,90.17904,82.36487,83.57872,80.03185,87.337975,99.062355,103.377655,107.18642,99.82112,96.96964,89.73294,86.16031,80.86491
2024-05-17,75.75363,75.53117,73.81984,75.335464,74.66534,78.22722,87.293655,91.24288,93.563614,87.78332,87.26618,77.49455,66.31395,68.194244,67.54262,80.44014,98.39958,107.04459,108.392296,100.26058,95.32561,87.93518,85.4921,77.71922
2024-05-18,85.14521,83.82853,82.12823,81.7933,81.08104,81.97869,91.448616,94.06102,94.80493,87.8133,86.58952,76.489395,65.27569,66.57597,65.70307,75.64755,94.253944,104.76268,108.35163,104.71063,101.83751,94.61014,93.198105,82.45477
2024-05-19,83.69629,82.447136,80.497604,79.4065,77.31512,75.2673,83.2674,83.369095,81.064545,73.600876,73.97571,65.56569,53.354134,55.8351,57.005486,69.26053,91.63736,105.479645,108.3356,106.26656,103.873695,96.08242,95.39459,80.868324
2024-05-20,78.74431,78.03033,76.33579,77.55803,76.55692,79.90336,88.590965,92.696846,94.6709,89.13675,88.8072,78.94387,67.47436,68.999794,68.68789,82.359184,100.616615,109.66478,111.00334,103.37654,98.68455,91.54236,88.79413,80.94187
2024-05-21,78.173744,77.30792,75.69391,77.56199,77.191,82.92325,92.64914,98.93669,102.739174,98.30284,97.2321,87.20788,77.43422,78.31756,76.08297,86.685814,101.38017,107.71713,110.52978,102.80838,99.013214,91.93823,88.47188,82.50863
2024-05-22,81.629944,80.16473,78.66025,80.24138,80.51557,87.04205,98.0356,105.93218,112.419174,109.22096,107.63474,97.29657,88.08517,88.2162,84.15776,92.164505,106.199875,111.174995,115.14433,105.953804,101.79005,93.42583,90.23061,85.062675
2024-05-23,62.91136,61.813255,59.941788,62.437218,61.81578,68.948166,80.83293,88.59115,92.39496,88.33683,87.32545,76.846695,66.180756,67.4386,63.986122,75.37972,93.93469,101.66338,106.28681,97.334564,94.24445,84.252396,80.74705,71.65485
2024-05-24,87.57616,86.26876,84.70704,85.60799,84.695465,88.88029,97.96185,104.39335,109.12189,105.50898,104.61768,95.088745,85.8568,86.34756,84.19574,93.51934,107.3383,113.43818,116.297745,108.9577,104.99915,98.21684,95.13451,89.63048
2024-05-25,98.116844,95.63958,94.105064,91.728165,92.742966,94.01904,104.136444,104.77828,102.91372,93.72807,91.42147,81.89377,69.84791,70.91811,70.6596,80.2615,101.072975,112.267365,115.42604,113.77818,112.177734,105.79263,105.50166,93.260025
2024-05-26,87.87547,85.90878,84.29009,83.619675,83.08761,83.763626,93.41113,95.5358,96.00899,89.98246,89.11516,80.48295,69.569084,70.7505,69.24833,77.41743,97.16727,108.281334,112.849976,109.86,107.90655,99.28567,98.57673,85.66162
2024-05-27,80.56856,78.94052,77.11152,77.25526,75.331474,76.05399,84.33706,86.33356,85.43387,80.401344,81.17597,73.86965,62.505745,64.5088,64.42516,76.13389,97.56251,109.82156,113.1671,109.31848,107.25394,98.27965,96.83575,82.97282
2024-05-28,80.613,78.094,75.41794,75.9954,75.6856,82.99463,94.34971,103.25269,109.46176,108.13998,108.343506,101.42865,95.02843,96.30864,90.981316,94.64081,106.553314,110.569336,117.0009,110.25612,109.440765,99.82903,96.12203,88.42499
2024-05-29,78.594734,77.2397,75.36392,76.09748,74.9404,78.97785,88.990585,95.272896,99.22203,94.714676,94.16628,83.834984,72.759224,73.89636,72.23978,84.59085,102.85115,111.07706,113.70996,105.020355,100.47389,92.18476,89.24827,81.625725
2024-05-30,86.46184,84.18275,82.01588,82.34103,81.83116,86.771164,96.81391,103.44471,108.14351,103.928314,103.010025,92.77298,82.20218,82.661194,80.64672,91.70817,108.11755,115.44696,118.36423,110.38484,106.32828,98.80924,95.689865,88.88588
2024-05-31,71.10405,70.04145,67.89367,69.76647,68.72404,74.30414,84.8921,91.99949,96.1797,92.2254,91.56126,81.70698,72.085724,73.428185,70.596825,80.61802,96.37042,103.49765,107.67327,100.03967,96.92391,88.45168,85.0163,77.07756
2024-06-01,77.79976,77.399,75.58854,75.734245,74.27203,74.44911,83.365074,85.09866,84.88633,78.11555,77.86118,69.273834,58.20294,60.741135,60.56774,71.346275,91.33111,102.637726,105.55722,101.27175,98.24339,90.25052,89.269844,77.03671
2024-06-02,81.06786,80.66898,79.48599,78.36553,77.7353,75.322845,84.266914,81.16983,74.34522,63.13971,61.38996,52.459335,39.93303,42.674347,44.009537,54.193375,77.3801,92.60121,96.7823,99.65101,99.791824,93.072975,93.69663,76.171394
2024-06-03,79.808334,79.09408,77.83218,80.00006,78.98875,83.50398,92.02258,97.86895,101.5171,98.7198,98.759094,90.28996,81.83899,82.70636,80.009285,88.34827,101.35055,107.439514,111.10184,104.76607,101.76904,94.181625,90.58539,84.17376
2024-06-04,92.004814,89.803024,87.976845,88.18552,87.748,92.27004,101.502815,107.49517,111.79712,107.83933,106.95744,97.48017,87.402306,87.6765,85.91994,96.26273,111.652466,118.5335,121.04433,113.70613,109.794815,102.92528,100.00228,93.728134
2024-06-05,73.108444,72.24406,70.14176,71.25796,69.78131,72.79307,81.55532,84.956245,85.394775,79.723976,80.189995,71.30623,59.485313,61.801247,61.917053,76.36316,96.83023,107.4971,109.233635,102.360725,98.580055,90.456505,87.88543,77.27751
2024-06-06,84.88845,83.87514,82.22617,83.082695,81.98184,84.82551,92.69296,96.31834,98.007805,93.15953,93.2647,84.642456,74.04076,75.46528,75.20811,87.438095,104.36,113.03534,114.50556,108.07246,104.068855,97.30347,94.638466,86.72931
2024-06-07,90.48928,88.9864,87.45699,87.16274,87.7848,90.60312,99.72669,101.86892,102.55902,95.41179,94.14631,84.55241,73.05805,74.2083,73.70055,84.84869,103.192635,112.47119,114.25677,109.052376,105.3803,98.85337,97.21303,88.37776
2024-06-08,77.904396,75.19063,72.56351,70.82075,73.88685,78.5073,94.18224,95.22734,89.8132,74.84042,67.81171,54.514267,42.92169,44.008698,41.207703,45.548943,65.008675,77.31502,86.78548,93.14117,97.589874,92.31305,92.46594,74.82771
2024-06-09,60.472633,61.0589,58.76584,60.292686,56.00831,54.726913,61.872986,63.84494,63.78215,61.808792,65.92466,62.34095,54.04506,58.827995,57.808296,65.916595,85.39658,97.215096,102.12498,98.05769,96.7318,84.612,82.89533,66.81466
2024-06-10,83.04597,81.470856,78.699554,78.416885,77.314476,82.35724,92.94337,98.29296,100.69311,93.41719,91.78059,79.34027,66.72186,68.24096,65.867386,79.34309,101.82381,117.93999,127.388885,121.16332,111.10132,97.292,92.331696,80.629715
2024-06-11,72.28628,72.48195,71.112175,73.375725,71.6014,75.01739,83.944405,89.54972,92.741066,88.96398,88.7804,79.86404,70.77289,72.483025,70.45755,80.18216,95.18679,102.417366,105.70073,98.65124,95.05448,87.1569,84.20052,76.67265
2024-06-12,90.040375,89.020294,87.80746,88.80154,87.4939,91.3503,99.73199,105.84147,109.652115,106.40186,105.50656,97.06932,88.65649,89.17875,87.28885,95.767586,108.588684,114.316284,117.17386,110.9621,107.80446,101.62776,98.72299,93.10479
2024-06-13,90.378235,88.08282,86.05069,85.48697,85.50061,90.52478,100.62967,106.82869,111.52338,108.36661,108.38156,100.87649,91.88809,93.133545,90.25302,98.17816,114.23011,120.27798,123.45021,115.25305,111.963196,103.22451,100.73009,93.34084
2024-06-14,71.984024,70.30845,67.96004,69.47498,69.63397,77.13048,88.30765,94.52321,96.901115,91.725296,90.71682,81.337944,70.71668,72.272575,70.03929,81.81889,99.83082,107.50864,110.83709,103.11073,100.54315,92.202446,88.95337,79.90946
2024-06-15,95.44399,93.14189,91.351,90.31652,89.24357,90.65628,99.074066,102.23954,103.2756,98.46017,98.2478,90.71937,80.82751,81.9029,81.053154,89.80303,107.10567,116.49828,119.87854,116.41136,114.44799,107.26817,105.67078,95.16952
2024-06-16,80.451035,79.20267,77.43439,76.94357,75.98597,76.2397,85.86131,86.95887,84.9306,77.366646,76.489235,68.00973,57.012558,59.151665,58.487892,67.480896,87.93796,100.1129,104.79695,103.651634,102.83119,94.79448,94.106735,79.560974
2024-06-17,86.428055,85.0587,83.393555,83.82922,82.46475,85.72754,94.262726,99.40455,102.19278,97.94819,97.78801,88.79426,78.53858,79.6335,78.5993,90.07112,106.78198,115.030685,117.531136,110.67663,106.56228,99.16114,96.18352,88.6819
2024-06-18,97.49106,94.799576,92.75097,92.029884,91.633766,96.54926,105.7434,111.87164,115.79651,111.684494,110.91675,101.81442,91.92476,92.29143,90.48321,100.64703,116.317406,123.83223,127.25375,120.520164,116.22414,108.7673,105.36145,98.81605
2024-06-19,96.0934,93.47926,91.268585,90.07205,89.68504,94.09138,103.43124,108.42367,110.94049,105.41127,104.55629,95.057076,83.817924,84.6868,83.73864,95.99596,114.74367,124.50229,127.81747,121.09866,115.89873,107.73697,104.60694,96.38706
2024-06-20,93.342285,90.86887,88.89925,88.325966,87.54213,90.88968,99.31788,103.783005,106.13224,101.44509,101.46821,92.523605,81.18844,82.008644,81.761986,94.786354,113.103004,121.92088,123.29076,116.26179,112.19287,105.25416,102.491905,94.67823
2024-06-21,98.93829,95.9838,93.91824,92.019295,91.99889,94.5071,103.81506,107.15458,108.5918,101.71181,100.502365,90.41264,77.86987,78.51045,78.776276,92.08277,112.375534,122.42942,123.71068,117.68886,113.62852,107.2661,105.522194,96.639305
2024-06-22,92.37057,89.3743,86.83711,84.4732,84.920555,86.92026,98.29273,100.55468,98.94339,89.574585,86.76895,76.74921,66.05259,67.23257,65.93308,72.9417,91.26323,102.181335,108.05833,109.204605,110.01207,103.963875,103.061035,89.49698
2024-06-23,89.1933,87.43336,85.515,85.172005,81.94156,80.81126,87.23274,90.568016,92.72519,90.564064,93.16403,86.746475,77.16623,78.91465,78.44952,88.322845,105.81476,116.1915,119.32922,114.55058,111.37137,102.53954,100.15722,89.40451
2024-06-24,88.78522,87.72384,86.4561,87.2009,85.593864,88.74001,97.35152,103.87039,108.52952,105.44595,104.80892,95.696556,86.80026,87.31783,85.289116,94.2879,108.04895,114.186935,117.10855,109.965546,106.03937,99.178955,96.24104,90.6957
2024-06-25,90.60668,89.04573,87.49354,87.63978,86.33348,89.40932,97.97205,103.590256,107.31826,103.4999,103.09896,94.07894,84.163,84.88072,83.63781,94.29292,110.071396,117.35413,119.56276,112.36145,108.28278,101.37132,98.63127,92.10208
2024-06-26,95.51447,93.7449,92.26197,91.71771,90.027466,91.57318,99.39106,104.097786,107.32854,103.32818,103.2654,94.37952,83.74145,84.43238,84.12143,95.936,113.11656,121.512505,122.95224,115.84413,111.21522,104.45299,102.124306,95.11654
2024-06-27,99.48187,96.69197,94.58364,91.87726,93.56633,95.83491,107.1897,109.067345,108.948,98.198135,94.39017,82.139885,69.33485,69.86612,69.53499,80.05166,99.862785,110.35764,113.24045,110.687,108.04236,103.016304,102.40146,92.321945
2024-06-28,62.85784,61.880127,59.376434,61.441856,59.96528,65.79823,77.030365,83.541016,85.72407,81.25598,80.674675,71.94042,61.996628,64.23476,61.80372,72.48488,90.95843,99.78205,104.55117,97.76694,96.01246,86.58083,83.78215,72.305725
2024-06-29,88.72973,86.49959,85.248795,84.11754,84.630005,84.95499,95.00106,93.85238,88.12376,77.431915,74.41241,64.17175,51.614044,52.444336,52.46147,61.76973,83.37004,97.42597,102.895096,106.40395,107.56754,101.50213,101.29924,84.958755
2024-06-30,84.2176,83.14723,81.17901,81.27436,78.71995,78.114136,85.53671,88.814026,91.98636,90.02091,92.37802,86.82841,78.30687,80.70109,78.98773,85.98915,102.82456,112.23003,116.07347,110.46755,107.3116,97.31838,95.760826,84.48567
2024-07-01,90.64124,88.2313,86.451225,86.973434,86.55435,92.08687,101.237465,107.636536,111.40627,108.40568,108.04017,99.75224,90.76254,91.08608,88.64224,97.50274,111.646,117.77788,121.2294,114.93323,112.450386,105.235596,101.7777,95.08775
2024-07-02,76.943115,75.526115,73.46107,74.77559,74.27355,80.222664,90.92363,97.89793,102.101555,97.4968,96.20609,85.87757,75.60228,76.56816,74.196335,85.20862,101.54523,108.5402,111.813324,103.61605,99.951546,92.18793,88.98343,81.8586
2024-07-03,90.97962,88.93485,87.13178,87.52189,87.62726,93.217255,103.03243,109.454895,114.09436,109.59009,108.05979,97.947296,87.75635,87.951164,86.00671,96.60777,111.67602,117.84628,120.077095,112.03317,107.83091,101.33572,98.31954,93.00139
2024-07-04,55.09967,54.649895,52.133972,53.502533,52.978157,58.81916,71.24243,75.58163,75.69377,68.37197,67.74946,58.039238,44.609222,48.17395,46.94438,62.783607,89.53532,102.32461,105.898094,96.14191,91.36927,79.18508,77.22071,62.914833
2024-07-05,60.735786,59.74881,57.16429,59.108986,58.177704,64.9254,76.83337,83.99074,86.88491,81.11828,80.134834,68.7457,57.051445,59.04812,56.65274,70.38723,90.58204,100.32685,104.96723,96.278046,92.03676,81.98919,78.1044,68.1993
2024-07-06,96.33633,92.711716,90.06571,87.63387,91.310005,95.432076,109.10503,109.32752,105.910126,93.61941,87.62235,76.32881,66.51425,66.53248,62.760406,62.862923,77.187996,86.76098,95.67023,103.131714,108.007256,104.4394,105.12416,90.42179
2024-07-07,58.313255,58.27909,55.847633,58.139107,54.991547,56.623573,66.03038,69.78844,70.357254,66.89567,68.30268,62.20366,52.875397,56.411415,54.708496,63.872368,83.796196,95.23687,100.556625,95.65085,94.35964,83.28552,81.7599,66.26328
2024-07-08,85.66934,83.75644,82.03086,82.61565,82.14959,87.621895,97.40654,104.13743,108.16853,104.8218,104.24358,95.654594,86.602806,87.67614,85.31276,94.45061,109.444214,115.351555,118.645996,111.24322,108.328476,100.52778,97.303055,90.43792
2024-07-09,86.55711,83.31395,80.837135,80.79497,80.752464,88.38739,100.25932,109.94116,116.939316,115.532,114.96663,106.95441,99.56141,99.960175,94.65934,99.47569,112.669,116.76088,122.84349,115.04214,113.51372,103.98757,100.40932,93.44084
2024-07-10,83.35194,81.78077,79.840515,80.7659,80.47702,85.88983,95.62116,101.671455,105.45262,100.94185,100.06316,90.41688,80.36666,81.25234,79.34344,90.124825,105.66882,112.45503,115.05916,107.44038,103.7108,96.59953,93.40032,86.86968
2024-07-11,81.71486,80.42403,78.61893,80.00056,79.31499,84.679825,94.12295,100.653534,104.61273,100.53081,99.72693,89.953514,80.460236,81.226006,79.092094,89.374275,103.529,109.818756,112.81228,105.64852,102.1739,95.348755,91.71681,85.8041
2024-07-12,83.15282,82.47266,81.00258,82.34033,81.466606,85.221344,94.21036,99.930595,104.28861,99.890686,98.966736,88.78882,78.8092,79.61853,77.94256,88.629814,103.43999,110.213684,112.40963,104.45546,99.6566,92.85773,89.906715,84.37715
2024-07-13,74.3156,74.05094,72.2949,73.053505,71.07859,71.22884,80.03568,83.011505,85.198204,80.56895,81.352516,73.097336,62.235054,64.74556,63.739426,74.46032,94.64573,105.420166,108.33356,101.287865,96.88313,87.113495,85.86133,74.37202
2024-07-14,65.277115,65.50434,62.918,63.89128,61.10765,61.557648,69.981026,73.2033,75.07036,72.67244,76.00237,71.96663,64.6481,69.21325,66.8983,72.8527,89.94195,99.197784,103.9854,98.502884,96.71821,85.307304,83.55286,70.115326
2024-07-15,73.25153,72.3435,70.2077,71.81146,70.55701,76.25154,86.17042,93.745445,98.302376,96.58168,97.50243,90.81809,84.49035,86.56478,82.25278,87.163826,98.84609,103.47241,109.06627,102.87704,101.674095,92.567,88.67236,81.0984
2024-07-16,85.25314,83.946754,82.28922,83.376854,82.372,86.76296,96.11756,103.14862,108.5081,105.33735,104.61203,94.98172,86.12196,86.62023,83.897575,92.48706,105.70905,111.45767,114.924,107.470436,103.64748,96.43943,93.09319,87.70169
2024-07-17,85.19138,84.35172,82.74744,83.335,82.12079,84.49931,92.77874,96.999725,99.84205,94.859314,94.63196,85.147064,74.25522,75.59037,75.191315,87.631805,104.869835,113.34188,114.60687,106.98491,102.016045,95.11174,92.636925,85.55207
2024-07-18,86.34082,85.184715,83.53011,83.860664,82.49368,84.39257,92.265305,95.85646,97.893585,92.7727,92.94084,83.58326,72.04305,73.38722,73.5785,87.20323,105.72196,115.2027,116.15357,108.85778,103.90474,96.90924,94.42816,86.53874
2024-07-19,89.23573,88.01722,86.29243,86.301506,84.84244,86.23337,93.85383,96.99638,98.78419,93.47814,93.56241,84.55388,73.04661,74.45229,75.03351,88.548195,107.123146,116.84144,117.5388,110.62254,105.72381,99.079834,96.97112,88.78196
2024-07-20,78.34523,78.18268,76.58881,77.50394,75.63453,76.03681,84.237656,87.38771,90.34574,86.73255,87.78745,80.51192,70.70934,73.1013,71.77668,81.07523,99.253044,108.69565,111.38245,104.08109,99.61691,90.12712,88.80214,78.54401
2024-07-21,81.19619,80.21017,78.572075,78.8344,76.57516,75.82219,83.61726,85.08942,84.59188,79.92172,80.851425,74.12074,63.85401,66.076645,65.62299,74.92424,94.60618,106.46645,110.35712,107.39134,105.43403,96.48051,95.49408,81.669876
2024-07-22,85.06461,83.23058,81.31517,82.36488,81.47347,86.346466,95.625435,102.47884,107.1923,103.95755,103.5347,93.962494,84.75505,85.18742,82.66125,91.98496,105.6827,111.98509,115.58038,108.72054,105.39803,98.170105,94.45079,88.395164
2024-07-23,80.28353,79.70756,78.11692,79.43666,78.10906,81.178764,90.048454,95.47156,99.42935,95.21996,94.82733,85.127205,75.15805,76.37214,74.79572,85.48024,101.07687,108.57029,111.05487,103.37486,98.813156,91.397705,88.57637,81.87507
2024-07-24,88.19792,87.46654,86.1577,86.9607,85.986946,88.45,96.37349,100.85751,104.52884,100.042,99.76956,90.083786,79.71792,80.62283,79.79028,91.27054,106.710655,114.11946,115.36713,107.62047,102.32257,95.794525,93.01915,87.518616
2024-07-25,71.35733,70.06818,67.673935,69.422585,68.65148,75.194275,86.85126,95.52346,101.514305,97.823135,96.49167,85.94963,76.89464,77.93933,74.09888,82.720604,97.14107,102.99272,107.88648,99.494774,96.30813,87.76736,84.20643,77.34937
2024-07-26,82.68081,81.914795,80.13196,80.55064,79.44381,81.44776,89.70551,92.6994,93.98595,88.39061,88.5357,79.929504,69.03645,71.0277,70.90901,83.05624,101.29175,110.706985,112.2263,105.821434,101.71441,94.46869,92.357834,83.36889
2024-07-27,81.00721,80.47967,79.24286,79.18991,78.962135,79.22933,88.75659,89.01568,86.92247,78.28528,76.59163,67.12783,55.394676,57.337234,57.053207,67.03287,87.71013,99.682884,103.16498,101.055565,98.94444,91.600075,91.28422,78.09132
2024-07-28,88.3701,87.44549,86.140625,85.14948,82.81584,79.97376,86.6744,85.57474,82.39763,75.76554,76.50447,69.47794,57.840485,60.22032,61.74022,72.94347,94.57823,108.36517,111.16745,110.42859,108.593376,100.82159,100.36404,85.50782
2024-07-29,81.79197,80.42523,78.49223,78.785416,77.167336,79.101944,87.210495,90.78008,92.22166,87.02377,87.73482,78.38311,66.30936,68.00164,68.3251,83.00615,103.10552,113.56961,114.78319,107.490005,102.805046,95.04964,92.33548,83.1616
2024-07-30,83.32761,82.14467,80.243324,80.52394,78.67086,79.93803,87.99929,91.91796,94.45476,89.68878,90.26596,80.821754,69.31502,70.87131,70.811615,84.16957,103.07382,113.026855,114.56681,107.18188,102.206696,94.482346,91.976746,83.38245
2024-07-31,87.13554,86.13288,84.49707,84.890915,83.60528,85.56929,93.559746,97.3446,99.87541,94.87572,94.77558,85.54003,74.5037,75.81867,75.71516,88.31221,105.88468,114.78009,115.90634,108.62214,103.7057,96.87243,94.56631,87.06049
2024-08-01,90.41616,88.95887,87.28893,87.45185,86.07297,88.15343,96.31009,101.12628,104.89967,100.70767,100.557045,91.07868,80.530426,81.3274,80.55917,92.02837,108.40567,116.56289,118.33481,111.00702,106.17292,99.261345,96.6712,89.95425
2024-08-02,95.09638,93.07901,91.30173,90.54559,90.21689,92.3553,100.77446,103.87726,105.989784,99.9676,99.32354,89.59805,77.57554,78.421265,78.61969,91.73336,110.70068,120.20407,120.99907,114.08229,109.14972,102.64516,100.729645,92.86565
2024-08-03,90.03295,87.65448,86.36426,84.88837,87.412315,90.00606,102.57479,102.64279,98.3133,85.84795,80.46921,68.1942,56.20278,56.42627,54.600212,60.817963,80.13709,91.96555,98.74705,102.515335,104.155716,98.84126,98.79328,84.246994
2024-08-04,79.77619,77.9785,75.57537,74.726654,76.393166,77.72722,89.03595,88.60116,87.251656,78.063545,76.72572,67.58128,56.315834,58.656822,56.522522,62.726044,83.14161,95.28834,100.95062,100.14174,99.31765,90.266846,90.17355,74.726524
2024-08-05,67.65635,65.808105,63.042847,64.133026,63.258255,70.55957,82.7667,91.30279,95.652954,90.78155,89.896164,78.265205,67.184586,68.6217,65.11542,77.32555,96.498245,105.99048,112.36635,103.77726,98.95661,87.87362,83.14274,74.0063
2024-08-06,80.59362,79.54295,77.63698,78.98394,78.147766,82.50642,91.53186,96.784004,99.881355,95.35123,94.876656,85.59182,75.70161,76.93896,75.45983,86.26171,101.60039,109.032776,111.62454,104.79445,101.171616,94.16474,91.07216,83.87336
2024-08-07,72.92549,72.49624,70.75595,72.00659,71.30314,74.56722,84.638596,89.31439,92.902,87.403046,86.87756,76.33818,64.37754,66.18159,64.89206,78.09224,98.204704,107.45409,109.23852,99.427795,93.62906,84.64796,82.52803,74.1265
2024-08-08,57.911583,57.57775,54.737526,56.714577,56.117752,62.74312,74.770546,81.716545,85.57689,81.34696,81.52789,73.384415,64.7799,68.07339,64.26089,72.4306,89.115585,95.91721,100.902626,92.504654,90.232445,79.775345,76.72273,66.64517
2024-08-09,54.999542,53.751343,50.568268,50.803513,52.63022,60.67057,77.03347,81.6923,81.16845,69.33662,65.02445,51.297173,37.182816,40.091705,36.669235,49.267982,76.300354,90.94088,99.50967,93.564606,89.24301,76.30496,74.239746,57.938362
2024-08-10,60.716644,60.165375,58.37391,60.29612,59.784027,63.37652,75.39187,78.48852,76.679375,68.909584,66.61342,56.73752,46.152496,48.20809,45.551178,53.44339,73.248375,84.766525,91.90675,90.82155,91.44608,82.31947,81.018364,65.42198
2024-08-11,82.99849,82.213394,81.479164,80.37379,79.537865,76.8626,86.579636,83.778015,78.44765,67.86313,64.640465,53.792763,40.343643,41.74475,42.192947,50.749397,74.536896,91.11966,98.17126,102.941765,103.44279,94.89232,95.606995,76.389336
2024-08-12,58.006073,56.291138,51.86634,52.42398,53.64978,65.5824,80.569664,91.00839,95.56602,90.61376,89.351906,78.64312,69.842514,73.74345,68.41919,78.155266,100.07772,111.15279,122.18494,113.368385,105.83807,88.00605,81.88634,68.7214
2024-08-13,88.50379,87.25661,85.84025,85.92168,84.47467,85.534454,93.28675,95.73867,97.14915,91.882,92.1321,82.588356,69.99067,71.24236,71.006935,84.86177,106.80066,120.01308,123.3907,116.48595,109.25038,98.96849,96.476364,85.87312
2024-08-14,81.48939,80.55335,78.9443,80.13039,79.29163,82.60415,92.10733,97.742294,102.55579,97.89084,96.88829,85.90437,74.80446,75.515755,73.882126,85.66737,102.62096,110.56238,112.7475,103.862656,98.28931,90.620964,88.01388,81.60397
2024-08-15,78.84622,76.88292,75.13605,75.97169,74.51203,77.7282,87.51284,93.71059,97.9961,94.47082,94.52932,83.981125,72.22531,72.80298,70.82585,83.43608,103.106636,112.58337,115.923615,107.272316,102.56018,92.99685,89.99304,81.19514
2024-08-16,75.18659,74.65026,72.86305,73.89132,73.46053,75.47473,84.205246,85.43407,84.406944,76.65276,76.231804,66.32387,53.920227,56.06913,56.44211,70.148094,90.49381,101.9906,103.804596,98.9954,95.35205,88.14468,86.18323,75.134865
2024-08-17,77.30391,76.8551,75.81048,75.83226,75.328125,74.21143,83.17118,82.466934,80.21545,71.34325,70.66975,60.03694,45.92694,47.952103,48.65148,62.700066,87.40093,101.60118,103.68645,99.42164,95.143135,86.55385,86.11358,72.48211
2024-08-18,75.53583,74.74785,73.80623,73.36301,72.97527,71.38701,81.68353,79.72508,74.93598,64.28851,61.798996,50.501923,36.009964,37.737152,38.181747,49.9096,75.917946,92.2568,97.353546,98.15911,97.014946,88.11151,88.60872,70.52418
2024-08-19,69.59003,69.17014,67.44404,69.53324,68.96132,72.22745,82.460106,87.1506,91.68974,87.67417,87.600334,78.03502,67.24872,68.95576,66.16894,76.10739,94.8575,103.813614,107.33036,98.15869,93.09908,82.645706,80.72576,71.13824
2024-08-20,68.615364,67.19803,64.65869,65.4424,67.51949,75.18892,88.66746,92.25071,91.62797,81.529274,78.19015,65.798454,53.5912,55.45485,51.89688,61.920227,83.318954,96.34142,105.034035,101.66596,97.61118,86.27409,82.98974,69.472855
2024-08-21,51.63414,52.026276,49.92051,52.462845,52.399597,58.070442,70.23777,74.55942,76.1157,69.59507,69.04138,59.454147,47.175026,50.744133,48.847923,62.534332,86.156525,96.43593,99.16233,88.67997,84.22481,72.87721,71.19728,58.860992
2024-08-22,49.335556,48.055336,45.11654,47.008255,45.724037,52.783974,67.81836,77.71593,83.99288,79.49536,78.169685,65.520256,53.448547,55.483154,50.216324,61.87668,85.58061,96.680595,104.96967,93.535645,88.01591,73.01624,69.56913,56.998894
2024-08-23,64.312706,64.39289,63.05503,64.39909,64.43742,64.97471,75.57393,75.4201,73.58229,63.495842,61.731697,49.246666,33.949875,36.13359,36.44673,52.112724,78.4072,93.24633,95.57866,89.83712,84.9104,75.691605,75.29637,61.03839
2024-08-24,62.679848,63.097794,62.069305,63.897743,67.421455,70.89113,85.318855,84.22505,79.88649,67.145294,61.266335,49.973053,40.330353,42.201187,37.40535,37.294647,54.370087,65.40992,75.32074,80.03318,83.031456,75.09,76.14949,58.73271
2024-08-25,39.192154,40.602997,36.985916,38.402267,35.396576,34.02466,44.08835,41.2193,39.344055,32.132004,32.746094,27.248978,14.876297,22.75769,24.281754,36.095886,65.77847,82.361565,86.492775,79.95969,75.87379,60.320335,63.81228,42.898468
2024-08-26,59.406975,60.0055,58.7865,61.379974,59.18885,59.762,68.281075,69.864105,69.616196,64.69574,66.17191,57.78556,45.024963,48.031067,47.621185,62.10379,86.70158,100.30247,103.056656,95.20582,90.10476,78.32362,76.81152,62.67012
2024-08-27,73.592285,72.15925,70.4179,71.059715,69.246635,71.66544,82.277084,88.03551,92.240135,89.418976,89.93134,81.26581,70.31279,71.95378,68.786064,78.62112,100.54387,111.49803,117.05794,108.30685,103.45941,90.55617,88.62019,76.34314
2024-08-28,81.3394,79.90696,78.43891,79.73531,78.86386,83.128685,92.93229,99.0407,103.48177,99.683464,98.92315,88.26857,77.34928,77.74975,74.86342,85.61307,103.63965,113.20227,118.28245,110.32663,104.461395,94.165,90.724884,82.506454
2024-08-29,96.662766,93.49537,90.683105,88.71135,88.0977,91.90021,101.61394,106.690796,110.08329,103.80124,103.23597,91.62055,78.49638,79.31383,78.16124,92.62975,114.75481,128.29305,133.691,126.12244,117.49109,106.389694,102.26057,92.81944
2024-08-30,99.93747,97.07592,94.93788,93.41479,93.437836,97.135254,105.993385,109.64435,111.72177,105.28734,104.52455,93.85512,80.99827,81.56891,81.040924,95.15115,116.184494,128.47719,132.15964,125.359665,117.93905,108.61661,105.1779,96.401726
2024-08-31,100.67802,97.48486,96.018524,93.73833,93.68291,93.55726,102.4699,104.1299,105.17727,98.61929,98.13281,87.88166,74.20465,74.48913,74.50848,87.43569,110.60522,122.87483,124.81608,119.25235,114.61896,106.35364,105.39454,94.37728
2024-09-01,71.88262,69.69162,66.899635,66.39951,63.683594,64.95807,75.21438,80.38499,83.213326,80.47764,82.58408,75.702156,64.91724,67.714645,65.694176,76.17585,99.216774,110.86154,115.70738,108.19426,105.45468,92.96812,91.28211,76.644356
2024-09-02,90.75056,87.64794,85.49029,86.062965,85.546005,92.50484,102.357254,110.9035,116.41498,114.45648,114.12586,104.82429,96.6688,96.37177,92.07057,99.10194,111.41965,117.58922,124.24725,118.521545,115.51692,106.60579,101.459595,95.307915
2024-09-03,97.72907,93.67349,90.35241,88.76775,89.62122,99.47388,112.03583,121.89249,128.5216,123.270004,120.82178,108.0002,97.66513,97.40524,92.057625,101.17849,117.8878,128.46777,139.29628,132.15471,123.65523,110.77699,104.125565,97.221016
2024-09-04,104.91172,100.90844,98.11772,96.096504,96.89851,105.191605,116.532394,124.79103,130.35487,124.656746,122.236275,109.655106,98.36735,97.84601,93.96457,104.83557,122.80008,133.98108,142.8046,135.60445,126.58205,114.852585,108.96715,102.34372
2024-09-05,93.88911,89.32637,86.6049,85.54422,86.05376,94.2816,106.8612,117.769104,126.67711,125.64386,124.94643,115.53108,107.29196,106.74157,100.67939,105.86885,119.86432,124.19934,130.99953,122.002335,119.17026,108.66084,104.47423,98.45819
2024-09-06,79.74307,76.796486,73.86483,74.297714,75.51646,85.46536,98.25682,106.7891,111.86733,106.282,104.27714,92.11652,80.92138,81.44647,77.20972,88.56577,106.633156,115.46532,122.33724,113.63368,107.790405,96.8441,91.637,84.09023
2024-09-07,98.697655,95.42126,93.4689,92.30978,91.35254,94.22384,103.59459,110.60942,117.1814,114.56858,114.539856,104.39443,93.745895,93.42779,90.97592,101.04152,117.89574,125.56352,128.90239,120.275635,114.994644,106.30848,103.24259,97.03669
2024-09-08,87.80284,84.8105,81.651184,79.64012,78.22912,80.46624,91.11857,97.89433,104.49645,102.81957,104.63914,98.204285,89.76472,92.003,88.32988,94.02395,111.69202,119.26575,124.27086,115.88332,112.71395,101.22293,99.32764,88.9104
2024-09-09,87.21963,83.29353,79.92898,78.49528,79.910484,89.97517,104.34198,113.87097,120.79698,113.972206,111.137695,95.58137,81.87865,81.82523,76.08226,89.05257,112.774055,127.49309,139.43689,129.25742,117.181946,100.31603,93.70399,84.34465
2024-09-10,63.05709,60.41223,57.349678,57.788185,58.08483,67.369225,82.72553,92.76345,99.06728,93.56632,91.65113,77.90158,64.74736,65.95783,60.416283,73.38991,98.21994,110.31471,119.48576,107.69414,99.97203,84.092575,79.384766,68.0916
2024-09-11,55.803246,55.289024,53.224205,55.480377,55.049774,61.955307,74.16571,79.56881,80.49168,73.55988,72.52633,60.737076,46.994354,49.375946,47.05905,63.218727,88.86165,102.45932,108.23998,98.8163,92.24343,78.943054,75.172485,62.341637
2024-09-12,76.551765,75.359634,73.22392,74.32457,74.79296,82.01138,92.99684,98.44271,100.969055,94.642296,93.240585,82.28477,70.73078,72.256004,69.4106,81.67364,101.568985,112.7151,118.866325,111.00951,104.01316,92.54994,88.27781,78.94584
2024-09-13,92.605995,90.74165,88.64721,87.84639,88.71086,94.159065,104.37901,108.74516,111.8833,104.95147,103.412704,92.37679,80.06039,81.19525,79.45742,92.3588,112.95299,124.23549,128.5846,120.05437,111.592804,101.18393,97.772896,89.75061
2024-09-14,94.02189,91.405945,90.922585,89.26343,93.3811,94.494125,105.79804,102.15816,96.72367,82.77296,78.28541,64.06639,47.70527,47.390327,47.28562,59.34445,84.68141,99.76553,103.537285,104.80356,102.84175,96.32739,96.49061,81.96502
2024-09-15,58.98777,58.243553,55.10031,55.01043,52.179626,53.547348,64.251625,68.76394,70.67382,67.702805,70.847534,66.02802,56.785156,61.711197,59.221893,67.749,90.50371,101.5769,106.808754,99.2161,97.3062,83.64542,82.28317,66.16447
2024-09-16,93.20857,89.34882,85.464966,82.88553,83.85101,93.37137,106.34953,114.200516,118.39396,110.44185,108.3849,94.53191,81.444756,82.52488,78.15322,91.52381,115.08971,131.4476,143.78468,136.2013,124.165276,107.68187,100.528885,89.95067
2024-09-17,90.951324,88.1549,85.248505,83.61918,84.33463,90.79756,102.090225,107.4183,110.65741,103.02919,101.59083,89.04452,75.37698,76.59931,74.35168,89.129745,112.89354,127.33655,134.3526,125.66379,115.354095,102.14358,97.39788,87.54473
2024-09-18,86.326294,83.59911,80.66539,79.934166,80.659195,87.06562,98.70084,104.9976,109.96545,102.98604,101.32775,87.94768,74.49402,75.219574,72.751335,87.14984,108.83246,120.96248,126.521034,116.85414,107.70066,96.22286,91.829254,83.68432
2024-09-19,81.75432,79.06177,76.08403,75.771126,76.861336,84.82787,97.38428,104.159584,108.62867,100.95054,98.56259,84.50618,70.53385,71.24599,68.52767,83.836426,106.61408,119.22807,125.39188,115.47949,106.26109,94.30487,89.64614,80.94935
2024-09-20,86.38279,83.81656,81.36904,81.54659,82.517494,89.86471,101.77545,109.57855,116.16996,110.313354,107.931595,94.26562,81.981705,81.83048,78.4627,90.973946,109.24365,118.24707,123.29095,113.156494,105.189156,95.27075,90.90235,85.26113
2024-09-21,77.23635,75.46704,73.613556,73.71269,73.47205,75.71636,86.7202,91.12465,95.317406,89.707405,89.15537,77.58117,64.06077,65.152985,63.333054,76.631966,100.002594,111.13435,113.858734,103.909,97.73969,87.06533,85.52005,75.205185
2024-09-22,74.09172,71.23619,67.275,65.890495,63.965073,67.73291,79.589645,88.18252,95.38074,95.573906,98.76704,94.47773,88.84925,92.359344,86.388115,87.598434,102.81922,108.936554,117.033356,109.78224,109.2921,95.67479,92.95371,80.62707
2024-09-23,87.41058,83.41362,81.083954,80.677055,81.439644,89.676544,101.90411,112.42915,121.15886,120.658165,121.135796,112.01079,103.75806,103.62489,97.271225,102.8609,116.99878,120.646774,126.70889,116.678894,113.774124,102.65734,98.01514,92.65779
2024-09-24,95.85226,91.85733,88.72368,87.1455,88.52252,99.462036,113.19034,124.35025,132.29507,127.12027,124.04425,110.56195,100.19032,99.73226,93.705956,102.6827,119.4021,128.33527,138.60205,129.55464,120.96461,108.15718,101.698845,96.18095
2024-09-25,88.389534,85.301094,83.143394,83.13908,84.29682,93.48519,105.98298,115.4034,121.828384,117.018936,114.32561,102.01518,90.98639,90.51259,86.76815,98.11544,114.750046,120.66252,124.8422,114.69214,109.50357,101.10379,96.85224,92.285324
2024-09-26,89.2723,85.95547,84.14739,83.74413,84.22046,91.37004,103.41299,111.854034,117.95,114.35748,112.78714,101.56776,90.06745,89.687225,85.56846,96.33414,116.141304,124.56868,130.13736,120.1024,114.22926,102.90021,99.227745,91.69843
2024-09-27,55.83201,53.223953,49.11927,49.595436,50.72339,64.490005,82.619545,94.61699,100.97223,93.75118,90.23912,74.985245,62.369385,64.24918,55.990646,67.158775,92.94386,108.2759,124.330376,113.65607,103.31481,82.59774,75.658295,61.96074
2024-09-28,78.714615,77.00533,75.17283,75.4318,74.072136,76.12684,85.54515,90.20508,93.65119,89.61382,90.44855,80.784996,68.5293,69.95203,68.65717,81.93389,103.58276,114.07144,116.52843,107.41463,102.148605,91.950676,89.59406,79.65794
2024-09-29,86.20946,83.20959,79.6019,77.43582,76.392265,78.597176,89.539345,96.34908,104.14739,102.97465,105.52143,99.66756,92.08889,94.837425,90.272095,93.90493,110.41588,117.310974,122.91623,114.19589,110.969604,98.613396,96.667114,86.29423
2024-09-30,56.110313,51.697365,46.210274,45.19837,49.66181,66.132095,84.33087,99.8116,109.87463,110.72826,112.08264,104.43842,99.11802,103.67653,94.841866,99.2888,120.76819,124.21451,134.08807,120.11211,115.236855,93.32881,86.859695,74.80362
2024-10-01,91.753784,87.56073,84.431114,83.02404,84.347534,95.30324,108.706795,119.38664,126.0605,122.59181,120.96698,111.29643,102.732605,103.11367,97.434235,104.31709,119.53978,125.09113,132.8134,124.36334,120.642975,109.7498,104.623314,98.12897
2024-10-02,90.38546,85.99495,81.79665,79.37859,81.507805,95.242004,111.61098,124.215454,132.50346,126.361374,122.69786,109.22392,99.06192,99.62539,91.76485,99.48621,118.87103,129.7382,143.79105,133.91447,123.98071,107.09936,100.02198,91.8302
2024-10-03,95.05823,91.84405,89.197205,87.433266,88.89099,98.88878,111.9617,120.657974,125.62235,118.436485,115.11758,101.85797,89.58299,89.83612,85.932,98.74008,119.60914,130.71002,138.77718,129.29326,119.740845,107.34075,101.86746,94.940575
2024-10-04,98.8068,95.363335,92.97001,91.51032,92.96526,100.971115,112.525085,119.69604,124.71143,118.3427,115.88554,103.42083,90.96518,90.785065,88.0728,101.16572,120.82126,130.52464,135.48984,126.09196,117.980484,108.014534,103.59386,97.52826
2024-10-05,97.23882,94.51438,93.37749,91.87083,92.028725,92.1953,101.012825,102.94029,105.29108,98.74292,98.40162,86.21011,71.074684,71.01311,70.7299,86.08252,110.85333,124.34386,126.38551,118.28231,110.36081,100.393074,98.51521,88.83259
2024-10-06,54.14187,51.90902,47.514122,46.902077,44.503357,50.21163,63.653847,73.42208,79.25368,80.12995,84.523766,82.128876,77.79073,83.09264,75.74588,75.67253,92.17388,98.13195,108.25595,101.1111,102.95283,86.76093,83.46835,68.07768
2024-10-07,94.2843,90.23455,86.792435,84.932274,86.51834,97.44088,111.05329,120.90756,125.98607,119.12857,116.167175,103.298965,90.92968,91.12865,86.70781,100.259445,123.19188,135.8088,145.01709,133.62836,122.92706,107.75767,101.688736,93.40392
2024-10-08,107.76112,103.09879,100.61355,98.09697,99.37114,107.95451,119.678635,129.05066,135.61368,132.2659,130.77742,121.15158,111.41868,110.868454,106.40143,114.99739,132.21165,139.2521,145.48035,135.85439,129.67203,118.532486,114.00193,108.30184
2024-10-09,89.3976,85.52056,82.94319,82.00634,82.74448,91.85421,105.07589,115.45584,122.8504,119.000854,117.07585,104.73309,93.78034,93.38871,88.00401,97.8793,116.48497,124.92177,132.93628,123.01187,116.313416,103.85889,98.68714,91.872055
2024-10-10,75.59228,71.94743,68.22251,66.966805,68.59668,82.648224,98.60728,109.73613,114.17613,107.89336,105.42714,93.67708,82.91861,84.633224,77.92237,88.140884,110.27555,121.746124,134.36739,125.41017,118.20097,101.556046,94.693375,83.76788
2024-10-11,100.50705,97.01782,94.20515,91.87715,93.83844,103.882996,117.130714,125.73279,131.2903,123.56997,119.64609,106.220085,93.82561,93.89051,90.42499,103.26051,123.58682,133.74046,140.53043,130.52295,120.95706,109.89555,105.03496,99.15663
2024-10-12,98.966736,95.68508,93.92523,92.83985,92.44682,95.04769,104.99554,111.81819,119.50063,117.22171,116.939026,106.78499,96.03643,95.508995,92.32656,101.09721,118.49372,125.92328,129.34888,119.74346,114.08295,104.554245,102.31757,95.82707
2024-10-13,44.3497,41.907074,36.803543,36.352554,35.594543,44.48918,58.889603,70.63998,77.6629,81.79398,86.8354,85.65048,82.22386,89.13304,82.88247,84.73884,105.91023,110.524345,119.06127,109.393814,110.51965,89.47878,85.84103,67.571014
2024-10-14,113.66533,108.09877,102.39524,96.76044,99.83692,114.94649,133.5435,152.42265,162.56207,155.01517,147.71014,133.6062,122.02783,123.18954,116.92383,126.6432,146.3673,157.04309,168.0135,155.40326,142.98433,126.38897,119.789536,111.79689
2024-10-15,117.070526,111.67671,107.19114,102.43297,105.98627,120.276,136.69563,150.29372,159.52417,152.80696,147.21335,135.60504,126.31349,126.50731,119.3898,124.62163,140.42137,148.32016,159.53217,149.50157,140.14061,126.44484,120.87078,115.0104
2024-10-16,67.10953,60.411255,53.736702,49.92666,55.631004,74.173874,93.63274,111.05138,122.49292,124.1432,126.37596,119.196396,114.159065,118.98717,109.47412,113.79169,137.18457,140.39929,151.22433,136.10783,130.38358,106.03216,98.407394,86.15366
2024-10-17,103.541756,98.61198,94.950836,91.69931,93.29423,104.59487,118.45346,128.58049,133.9139,127.08838,123.80447,111.11348,99.18329,99.164825,94.40564,106.406586,128.4951,141.24689,151.97192,142.624,132.41002,117.527374,111.22865,102.67529
2024-10-18,96.77813,93.40717,91.164536,89.62968,91.23709,99.61832,112.66814,121.26808,128.26016,122.450096,119.27929,106.27413,93.97827,93.59058,89.4614,100.98749,121.40409,130.66434,136.78557,125.67725,116.83765,105.23075,101.33171,95.18233
2024-10-19,95.77405,92.60137,91.31461,90.7308,89.428795,91.81581,100.9602,107.49633,113.27839,111.151596,111.42104,100.830505,89.076546,88.36914,85.48453,96.602715,116.45047,126.756424,131.73405,123.11479,116.543816,105.26793,101.86289,93.751396
2024-10-20,78.88239,75.530685,71.40449,69.4341,67.11884,67.3592,77.54212,84.794556,95.46184,98.14818,104.025696,99.420555,92.99477,96.257805,89.77251,90.01767,105.65312,113.19922,121.71847,113.23706,110.21971,93.58619,90.50087,78.23028
2024-10-21,51.118286,47.298378,42.80139,43.08133,44.34224,58.02626,75.060455,89.50193,97.90322,97.66877,99.0064,89.659966,82.2762,85.387115,76.089775,81.68061,102.44997,109.60979,122.38704,111.13685,107.21673,86.71871,79.61836,66.94091
2024-10-22,103.38114,97.585335,92.6573,88.711266,90.913475,104.86925,120.476906,132.65002,138.35365,130.2601,126.15305,112.41144,100.01166,100.13117,94.54894,107.945076,132.5124,147.50343,160.71884,149.30527,136.49052,118.37929,110.76227,101.29271
2024-10-23,111.632065,106.362526,102.42092,98.57289,100.78073,111.89266,126.17648,137.45735,145.53494,138.57727,134.45226,120.49052,108.508484,107.75425,102.65783,114.33104,135.42154,147.06561,156.99422,145.01202,132.66689,117.949585,111.89827,105.98415
2024-10-24,97.275795,92.43003,88.91073,86.102745,86.981445,97.83207,112.00009,123.41906,130.46768,125.209755,122.70153,109.47157,98.22668,98.07956,92.08244,102.38597,122.76603,134.33954,146.1815,137.21007,127.9487,112.75663,105.88874,97.875244
2024-10-25,104.46327,99.66054,97.509346,96.16197,96.916626,105.215195,116.21977,126.2489,133.58519,132.02245,131.04138,121.70566,113.11485,111.84299,107.38628,114.56613,127.36246,130.8225,135.34598,127.2417,124.76665,117.11734,112.648445,108.815704
2024-10-26,111.0043,106.991714,105.047066,102.618805,101.09391,101.30537,109.65016,115.84456,123.24456,121.67038,122.16048,113.06265,102.63433,101.89378,99.82224,108.41465,125.33957,133.58273,136.71135,128.67564,123.2082,114.50305,112.495514,105.65134
2024-10-27,97.66602,93.54864,91.35036,88.50709,87.62295,88.58383,97.90704,103.55515,108.50464,105.74811,107.014824,98.74733,87.88839,91.20455,91.61872,103.24091,124.35689,132.37135,134.08267,124.20706,119.33197,108.51617,106.29447,96.33976
2024-10-28,97.13224,90.679436,86.63471,83.791046,84.88084,96.72678,110.41995,124.25446,133.0046,134.02982,134.70016,127.16832,121.33212,121.697876,113.96239,116.9292,131.56873,136.38287,147.57487,140.19911,137.61499,122.508514,115.70049,107.21506
2024-10-29,113.13905,108.53259,106.26903,103.71591,103.29259,110.895615,121.47633,131.94649,138.83844,137.2856,135.97139,127.323326,120.13739,119.181946,114.058426,118.82947,131.15167,137.10034,145.77196,140.08586,135.84325,125.89821,120.62262,115.36247
2024-10-30,117.251915,113.135284,110.906105,108.05893,108.55447,116.217606,126.973076,136.83348,144.51237,142.50658,140.64735,132.7861,126.43858,125.834656,120.67412,123.638596,134.36526,138.4247,145.75714,139.2056,134.82428,125.9361,121.72481,117.83077
2024-10-31,115.02185,109.81505,106.657036,103.2074,103.82317,113.77449,126.15704,137.51776,145.11931,142.0725,139.60391,129.8489,122.351074,121.609474,115.52184,119.94649,133.26474,140.48479,151.49695,145.50851,139.60652,127.94574,122.03949,116.17495
2024-11-01,104.75843,99.7854,97.27597,95.544106,95.30882,103.32134,114.13469,125.14026,132.78104,133.06,133.15703,126.003174,119.913155,119.19304,113.43225,116.54528,126.941956,129.9093,137.13065,131.02582,130.08699,121.07397,116.10545,110.965836
2024-11-02,100.47885,95.70741,92.83117,90.10987,89.028595,93.16325,103.91379,114.52176,124.99689,127.55916,130.4615,124.90783,119.59065,120.12709,113.09948,113.05705,124.71901,127.88434,135.55154,127.35339,125.57755,113.22267,109.28705,102.61407
2024-11-03,94.0627,88.716064,85.16197,82.55934,80.4204,83.04651,92.41455,101.87265,111.09741,116.055374,122.40756,119.9494,116.13576,117.788666,110.07096,107.53176,118.8093,123.402725,133.22382,127.74531,128.19807,113.374695,108.589806,98.22146
2024-11-04,108.84348,104.14188,102.19298,100.946304,101.785095,111.345856,121.73319,131.66084,137.64012,137.06557,136.25993,129.64624,123.605484,122.60753,117.37021,120.849884,130.5209,132.76106,138.9732,133.5044,132.92819,125.302055,120.48285,116.14901
2024-11-05,117.28642,113.03766,111.07971,108.62673,109.25322,118.0695,128.73494,138.75241,145.36322,143.67146,141.61868,134.50948,128.64745,127.82602,122.607056,125.27301,135.33168,138.73051,146.16391,140.5617,137.56125,129.23134,124.82922,120.7639
2024-11-06,124.85249,119.52249,114.296585,108.72567,112.33765,124.25119,137.01108,149.87881,158.21408,155.43713,153.33908,145.64671,140.15204,142.27733,137.10426,141.50885,158.095,166.62474,177.25407,167.98099,155.83977,137.60748,130.872,122.967415
2024-11-07,116.37874,111.08559,102.63486,94.35438,99.94308,116.866806,135.72304,157.90564,172.17249,169.19417,163.84204,152.99048,144.41867,150.54797,146.04448,154.69449,178.27162,188.9001,199.08746,183.40837,165.09529,138.12581,130.25365,117.569534
2024-11-08,108.46531,104.167404,102.37254,100.6498,101.51454,110.03279,121.03448,131.19156,138.5996,138.10155,137.17377,130.4808,124.311104,123.601776,118.19743,121.228836,131.79367,133.23172,138.41495,130.88216,129.58461,121.67004,117.920456,114.13598
2024-11-09,108.19721,103.392845,100.87283,98.600334,98.095726,103.03372,112.77258,122.43523,131.59451,133.28014,135.06253,129.32542,123.96148,123.699875,117.70201,118.38896,128.13182,130.79228,137.3786,130.72385,129.31413,119.49216,115.50107,110.19688
2024-11-10,103.650215,98.50962,95.71525,93.17769,91.51636,93.732666,102.67817,112.142685,122.565384,126.94536,131.74603,127.48242,122.90219,123.25107,115.98625,114.30731,124.61963,128.46567,136.93341,130.431,129.08191,115.93621,111.539185,104.09422
2024-11-11,115.11161,109.6595,106.66985,103.823135,104.54925,116.16576,127.93346,139.46333,144.5356,142.015,139.93341,132.12189,125.26962,124.47781,118.46028,123.5947,137.85419,145.73633,157.27231,151.30338,145.96649,132.92754,126.26036,119.1909
2024-11-12,115.1416,111.19742,110.12897,108.76789,109.03584,117.431244,127.141205,136.80292,142.18785,141.01427,138.9036,132.0476,125.797295,124.34592,120.32582,124.796036,134.41785,136.20192,140.798,135.18971,134.18803,128.49252,124.65265,121.60867
2024-11-13,128.31677,123.39705,120.859055,117.16127,117.91566,127.51935,138.50598,148.90665,154.11687,149.92358,146.08043,137.47273,129.61882,128.30627,124.17346,131.0551,146.1588,154.422,163.34787,155.97287,148.28648,137.23135,132.22859,126.86632
2024-11-14,122.63471,117.44308,114.30774,110.087585,110.88342,122.77391,135.88455,148.2471,154.73415,150.74557,146.55396,137.51428,130.8996,130.1568,123.79027,127.41605,141.11913,149.00839,161.91302,156.32211,149.56082,136.97334,130.92537,124.59526
2024-11-15,120.2446,116.566376,115.37738,113.61076,115.47142,124.84973,135.14809,143.92932,149.87422,147.37007,144.21136,137.49689,131.38136,130.18628,126.20029,129.73785,138.62872,139.16895,142.5298,135.84952,134.01219,129.19191,126.2751,124.515
2024-11-16,101.0871,95.676,92.6982,90.03817,89.63047,95.6332,107.28355,118.65682,129.10535,131.26852,133.29474,127.0472,121.21409,121.20071,113.93679,114.623985,126.74476,129.6674,137.48567,129.06972,127.677315,115.57825,111.418,104.87099
2024-11-17,94.20198,89.249405,86.161156,83.603195,80.311806,83.30614,92.26767,102.240486,110.11221,115.5891,121.21484,119.49132,115.772316,117.47246,110.95719,109.71669,121.96862,126.7498,136.40024,131.94409,133.5127,118.96122,114.30501,102.86842
2024-11-18,116.65352,112.43711,110.363434,108.26102,111.32655,122.68002,132.61798,143.06601,148.49466,148.67136,147.21725,142.0127,138.02396,138.42029,135.21259,139.66904,150.90837,151.12831,154.4792,147.75325,144.7122,135.76608,131.14731,127.245926
2024-11-19,130.23901,125.77611,122.85654,119.01843,122.563286,134.29883,144.86432,155.18747,161.089,158.93765,155.69345,149.7498,145.68277,146.17339,142.8883,146.61304,158.371,161.14142,166.84492,160.18713,153.63756,143.3813,138.7646,134.6589
2024-11-20,122.93437,118.60449,116.54802,113.21919,113.56184,124.61745,136.39772,147.96059,153.27242,149.84229,145.62196,137.40045,131.34727,130.32848,124.809326,128.39738,140.24622,146.37344,157.35696,152.76083,147.61171,137.48361,131.96207,126.90341
2024-11-21,123.47301,120.463196,120.35634,119.367386,119.89737,127.908295,136.21191,144.44626,148.36557,146.5153,143.27454,137.32402,131.7159,129.93553,127.24272,131.5477,138.98285,139.20023,141.55695,136.85855,136.29286,133.61166,130.71742,129.56299
2024-11-22,125.25963,121.68465,120.7979,118.63042,119.12422,128.39893,138.42435,148.25761,153.0707,150.22067,145.90517,138.68922,132.77257,131.12823,127.530136,131.66508,140.76071,142.90288,148.22401,143.36232,141.0396,136.18646,132.67142,130.39203
2024-11-23,115.54295,111.98671,110.055756,107.94686,109.27168,113.08485,121.17519,127.21182,136.14935,137.1139,139.43878,135.28961,130.56137,130.97456,125.388214,124.14897,132.01996,133.55511,137.89038,130.63956,127.50963,118.363525,115.45826,111.96693
2024-11-24,43.433823,39.181763,32.60991,30.561615,30.547623,38.780975,54.227875,68.031494,83.14405,91.3165,99.871574,97.13297,93.13108,100.10434,90.886375,90.378975,112.15202,116.29948,126.89903,112.67636,110.55047,83.206856,77.78951,60.584625
2024-11-25,69.91459,63.359978,56.398453,51.970528,56.039375,73.83002,92.08102,108.562965,116.29422,115.51754,117.34639,108.67316,101.727844,106.788765,99.02236,108.09389,135.56677,145.35135,159.1578,146.54552,137.60245,111.2643,101.835594,86.77822
2024-11-26,109.69841,102.61,94.314,87.47162,95.34269,115.388535,133.6402,153.15451,162.93944,159.68428,156.4871,147.43527,140.8645,145.53143,140.81558,152.18672,179.04085,187.64331,196.17812,177.85774,161.19104,135.13327,126.8233,115.965805
2024-11-27,141.20143,137.91211,129.31467,119.83635,127.508575,146.63113,163.30717,183.68597,196.83716,194.36958,188.80463,184.66273,180.99016,187.86603,183.46333,189.59488,209.78804,215.73509,222.26233,207.06769,187.76677,164.3305,155.9881,145.35664
2024-11-28,122.41922,119.73121,119.93005,118.94088,119.99858,128.2822,136.90675,144.86743,148.8907,147.06989,143.9027,138.35507,132.74548,131.22198,128.14873,132.06557,140.26204,140.10652,142.18553,136.42908,135.4426,132.00948,129.45462,128.38058
2024-11-29,118.85957,115.370316,114.31935,112.768715,114.38954,123.8659,134.31912,143.55547,149.41383,146.58139,142.86693,135.57578,129.18031,127.80661,124.26739,128.80652,137.66342,137.7009,140.2466,133.25723,131.73108,127.96922,125.206604,124.07361
2024-11-30,102.892876,98.02432,95.04825,92.33623,92.66094,98.6721,110.35142,120.97017,131.76361,132.82146,134.25381,127.57008,121.55501,121.767334,114.876205,115.719025,127.32432,129.7002,136.37048,127.12906,124.67563,113.4221,109.72771,104.448906
2024-12-01,95.78923,90.02436,86.74522,84.07737,80.513466,82.005516,90.796165,101.5293,112.87975,120.11528,126.78219,123.21786,118.55415,119.28464,111.738075,110.27826,122.70823,128.2383,138.89755,133.02794,132.73477,116.167786,110.81641,100.09959
2024-12-02,110.774155,105.37134,102.76671,100.36721,101.45108,112.38611,123.3713,135.31946,141.32133,142.25113,141.77707,135.90123,131.19315,131.02335,125.62836,128.93948,141.22417,144.57407,152.91597,147.67079,145.60431,134.01945,128.12071,121.427826
2024-12-03,121.70604,118.13646,117.42052,115.81741,116.3032,125.433395,135.17648,144.84627,149.50008,147.23376,143.48076,136.57358,130.60406,128.89255,125.453705,129.94444,138.78235,140.0629,144.27814,139.17795,137.94505,133.73338,130.33401,128.25003
2024-12-04,131.81169,128.84753,128.80133,127.43488,129.15253,135.90527,143.07205,149.15425,153.39355,151.45276,148.5624,143.79356,139.09264,138.54047,136.67926,138.9892,144.99489,144.58742,146.19829,141.36237,139.51273,136.35294,134.05,133.05573
2024-12-05,115.79027,110.55702,107.963326,105.42944,110.270386,123.65892,136.03264,146.62074,153.51208,151.27762,147.9582,140.62434,135.86168,138.1687,134.85562,138.37003,149.5255,149.58351,155.03299,146.94345,142.68095,132.23868,127.30054,122.77554
2024-12-06,80.80769,74.915565,70.61948,68.08452,75.03875,92.40726,109.949295,125.92551,137.27231,138.54291,138.1398,130.43188,124.925705,128.43207,122.469345,129.06259,148.82925,145.5721,147.78305,130.5296,126.593445,110.180305,105.3336,99.27161
2024-12-07,85.42854,80.30607,76.25772,73.82169,76.51865,84.08686,95.339516,106.512054,119.25037,125.67032,132.77155,130.65457,128.0127,131.74072,123.60199,123.31707,138.83318,139.47595,145.0283,132.72583,129.05586,109.786064,104.06492,94.67802
2024-12-08,62.122932,57.179924,50.849274,46.86213,45.778587,51.1905,63.042763,76.004906,90.012566,100.922005,111.53562,111.48169,108.78134,116.017395,109.64845,110.23303,131.98994,135.83191,144.04474,131.65984,129.48969,102.45678,96.68422,79.58183
2024-12-09,104.704926,98.79363,93.13096,88.17063,93.861115,108.728485,122.84076,138.58994,148.53917,150.85199,151.4356,145.9184,143.26888,147.22519,142.54617,147.8071,167.41649,169.42332,175.40292,162.33528,153.10712,132.63702,125.98938,117.5354
2024-12-10,118.09134,113.88599,110.96419,107.35794,110.83896,122.34754,134.15157,146.9169,154.74948,154.56343,152.05676,145.79074,141.79004,143.11636,139.83347,144.27989,157.34058,157.52531,160.84662,151.84079,146.43558,135.6803,131.52156,127.35687
2024-12-11,130.51353,126.47855,123.50876,119.6098,124.25339,136.1199,145.46265,155.68234,161.23233,160.92818,159.63141,156.59421,155.09512,156.78998,153.53703,156.72563,169.23903,170.78418,174.7718,167.4677,159.82556,147.75241,142.58862,137.76851
2024-12-12,110.437035,108.88852,105.63808,100.78234,107.48302,123.583725,138.59613,156.80879,167.01135,166.93929,164.76317,162.41216,162.06116,167.81165,160.36772,162.44177,178.85303,178.45189,181.9055,169.3229,158.01077,139.93306,133.47226,125.79001
2024-12-13,120.035675,119.601875,112.41231,101.461,110.3835,134.35599,157.14163,188.47948,214.62228,221.63995,222.31538,224.0152,220.57193,233.43909,218.86545,218.87726,240.16501,238.80733,242.38715,217.42313,191.41603,157.71762,149.45514,134.2821
2024-12-14,108.52067,105.373695,98.298355,89.04103,90.80189,103.1384,118.931625,140.73972,163.89429,171.36505,170.84605,162.9266,154.66534,166.72667,165.08754,171.72156,195.86916,202.63245,212.02495,193.24681,171.46591,135.88528,128.92578,113.095665
2024-12-15,80.42904,77.277084,72.7185,69.08333,67.34761,68.59886,77.71105,88.03162,105.9689,116.671906,125.609116,122.987854,118.44008,123.68519,118.39299,119.15106,138.22908,142.26744,148.475,134.56003,127.785,102.70162,98.19497,85.93479
2024-12-16,70.961655,64.33063,59.1828,56.66948,61.1631,77.622375,95.01432,112.14767,123.18378,126.308334,128.61957,121.33517,115.81981,118.7809,110.54953,116.29367,137.15906,137.81631,145.0355,130.30788,127.33598,107.514946,100.61594,91.183426
2024-12-17,103.29815,99.571106,97.76313,96.39886,99.16594,110.31549,122.97906,133.13245,140.7774,138.28008,136.03175,128.11009,120.998604,120.66696,115.09935,119.558975,131.14041,131.38722,135.09865,125.01529,122.64259,115.1032,111.62241,109.35927
2024-12-18,74.31958,68.32002,62.88804,59.23699,62.790283,76.51093,93.0783,109.46974,122.055374,126.32428,129.62138,123.557785,118.74054,122.80672,115.07428,119.301186,140.88593,142.33704,149.76462,134.64262,130.14493,108.294685,102.175026,91.571815
2024-12-19,91.27088,86.460205,83.91195,81.96869,82.338715,92.778946,106.20161,119.67175,127.55693,128.17172,128.13629,120.564804,113.923904,114.26898,107.81567,113.00252,128.64821,131.4538,138.78165,129.18617,127.50502,115.01364,109.88223,103.171524
2024-12-20,104.14029,100.79801,99.325134,97.73381,99.67762,109.94956,122.64667,133.45087,141.28313,138.8041,136.03642,127.78538,120.65152,120.21692,114.94736,119.77933,131.77786,132.02623,135.58557,125.15457,122.491135,115.243256,112.127655,110.16016
2024-12-21,59.390953,56.71978,52.97992,52.420944,52.1978,58.20278,72.903625,84.34369,96.66047,99.34283,103.85881,98.502464,93.52152,97.1669,86.61788,84.17389,99.57331,103.137596,113.54236,101.05438,98.71502,79.85093,76.12905,65.52185
2024-12-22,37.73375,36.72513,32.186707,31.692245,27.817215,31.836517,45.363327,57.356728,68.10848,75.01669,82.60942,82.048874,79.57327,86.94523,78.307556,75.590004,94.75678,99.99511,111.75508,101.29219,101.561935,77.417885,73.70684,55.55175
2024-12-23,74.3754,69.92353,66.23573,65.37013,67.18611,77.90041,91.09608,104.83469,114.79341,117.15866,120.158676,112.21742,106.33619,108.405334,101.835884,107.85325,123.32093,124.37485,129.75926,117.60994,114.65616,99.840034,93.257805,87.27674
2024-12-24,91.59876,87.930756,83.58348,80.56047,82.68981,88.11962,102.8685,117.4975,133.981,135.41544,135.90753,126.542694,119.48638,122.05154,114.6824,115.371956,128.64713,130.19382,134.56155,120.39221,113.56105,98.66471,95.82441,89.84437
2024-12-25,68.22294,65.578964,62.300003,62.619507,64.131325,69.38488,82.688484,92.193184,106.654526,109.48205,114.2894,108.001816,102.85365,105.193436,93.73877,89.88327,102.42625,105.3791,114.88963,101.79982,97.09318,78.90763,75.005516,67.25756
2024-12-26,84.12003,79.49626,75.73786,73.8131,72.2999,75.864174,86.56977,96.23265,106.972664,111.596344,117.61563,114.242424,109.863174,112.079994,103.58419,100.98357,113.37373,117.93124,128.0552,120.56171,119.95587,103.475914,98.918236,88.263794
2024-12-27,109.40664,103.9278,101.41054,99.2632,98.82513,103.95606,113.128784,122.331375,130.79199,133.686,136.50227,132.11201,127.24265,126.82311,120.37094,119.94218,129.47589,132.46524,139.94342,134.5895,134.36856,123.70053,119.348694,112.7262
2024-12-28,111.20351,106.21532,103.754074,101.55559,101.02348,104.263054,112.30548,120.16052,129.08203,132.39851,136.27148,132.5601,128.15993,128.15137,121.78493,120.173065,128.74214,131.82712,138.94038,133.66081,132.625,121.67525,117.5683,111.256996
2024-12-29,94.290504,89.22838,85.696655,83.094025,81.381035,83.41879,92.649155,101.55449,112.77481,118.097824,124.79558,121.53496,117.00074,118.651215,110.73884,108.25489,119.86656,124.53851,133.98434,126.87963,125.54715,109.55235,104.81554,95.27953
2024-12-30,88.314926,83.18744,80.04285,77.57178,75.12184,79.512436,90.37145,101.62354,111.50253,116.30427,120.92832,116.98433,112.03421,114.22128,107.38081,107.34103,121.14647,125.32523,135.03351,127.69186,127.94182,112.10364,107.27144,96.46266
